group (informal),order,family,genus,species,based on,era,period,epoch,formation,continent,country,reference (APA),year,doi,author of the reconstruction,Copyright holder,license,type of reconstuction,Full text link,notes
angiosperms,,Archaefructaceae,Archaefructus,Archaefructus sinensis,,Mesozoic,Cretaceous,Early Cretaceous,Yixian Formation,Asia,China,Sun G. Ji Q. Dilcher D. L. Zheng S. Nixon K. C. & Wang X. (2002). Archaefructaceae a new basal angiosperm family. Science 296(5569) 899-904.,2002,10.1126/science.1069439,K. Simons and D. Dilcher,AAAS,,whole plant,https://science.sciencemag.org/content/296/5569/899?casa_token=wkZBq32WIzcAAAAA:OHVRGX41IOEkWf1THIETMBAnO34WzRsqfUiw_UPhpbcZseolBRuar9eWnoMDVdZaNYKipqZH-doNBAKC,
angiosperms,Magnoliales,Magnoliaceae,Archaeanthus,Archaeanthus linnenbergeri,,Mesozoic,Cretaceous,Late Cretaceous,Dakota Formation,North America,USA,Dilcher D. L. & Crane P. R. (1984). Archaenthus: An early angiosperm from the Cenomanian of the western interior of North America. Annals of the Missouri Botanical Garden 351-383.,1984,10.2307/2399030,,Missouri Botanical Garden Press,,whole plant-ish,https://www.jstor.org/stable/pdf/2399030.pdf?casa_token=HVQxNeiXpMsAAAAA:Pq3ZObAVtWxyP0j_tB6_RuxdWvBoaSo9HWw02UkJxHCEk5iItcqCdRO0hiTvRpXGTNPN8GVunoK-GsYTE3UpNcs5PVxt25Wb7yJ5W0PETdKikmPKnipM4Q,
angiosperms,,,Montsechia,Montsechia vidalii,,Mesozoic,Cretaceous,Early Cretaceous,La HuÅ?rguina Formation,Europe,Spain,Gomez B. Daviero-Gomez V. Coiffard C. Martâ€™n-Closas C. & Dilcher D. L. (2015). Montsechia an ancient aquatic angiosperm. Proceedings of the National Academy of Sciences 112(35) 10985-10988.,2015,10.1073/pnas.1509241112,O. Sanisidro,National Academy of Science,,whole plant,https://www.pnas.org/content/112/35/10985,
angiosperms,,,Trapago,Trapago angulata,,Mesozoic,Cretaceous,Late Cretaceous,St. Mary River Formation,North America,Canada,Stockey R. A. & Rothwell G. W. (1997). The aquatic angiosperm Trapago angulata from the Upper Cretaceous (Maastrichtian) St. Mary River Formation of southern Alberta. International Journal of Plant Sciences 158(1) 83-94.,1997,1058-5893/97/5801-000,,UNIVERSITY OF CHICAGO PRESS,,whole plant,https://era.library.ualberta.ca/items/6a7c6240-e910-412c-a5f5-fe6fce5ba6b6/view/dc3440e0-3872-40fe-adf0-7defed311112/IJOPS_158_1997_83.pdf,usable under US fair use
calamophytes,Calamophytales,,Pseudosporochnus,Pseudosporochnus nodosus,,Palaeozoic,Devonian,Middle Devonian,,Europe,Belgium,Berry C. M. & Fairon-Demaret M. (2002). The architecture of Pseudosporochnus nodosus Leclercq et Banks: a Middle Devonian cladoxylopsid from Belgium. International Journal of Plant Sciences 163(5) 699-713.,2002,10.1086/342037,,UNIVERSITY OF CHICAGO PRESS,,whole plant,https://www.journals.uchicago.edu/doi/abs/10.1086/342037?casa_token=faknU-wfUB0AAAAA:gYvuf8NamWKlpZ3jrOlW389DsZx8kCYkEn_zW9_zObtvwl4gQeO9MTXPpbz1OivjBWXridOV6HXl8Q,
conifers,,,Krassilovia,Krassilovia mongolica,,Mesozoic,Cretaceous,Early Cretaceous,Tevshiingovi Formation,Asia,Mongolia,Herrera F. Shi G. Mays C. Ichinnorov N. Takahashi M. Bevitt J. J. ... & Crane P. R. (2020). Reconstructing Krassilovia mongolica supports recognition of a new and unusual group of Mesozoic conifers. Plos one 15(1) e0226779.,2020,10.1371/journal.pone.0226779,Pollyanna von Knorring,Authors,CC BY,whole plant-ish,https://journals.plos.org/plosone/article?id=10.1371/journal.pone.0226779,
conifers,,,Aethophyllum ,Aethophyllum stipulare,,Mesozoic,Triassic,,Gres a Voltzia,Europe,France,Rothwell G. W. Grauvogel-Stamm L. & Mapes G. (2000). An herbaceous fossil conifer: gymnospermous ruderals in the evolution of Mesozoic vegetation. Palaeogeography Palaeoclimatology Palaeoecology 156(1-2) 139-145.,2000,10.1016/S0031-0182(99)00136-4,,Elsevier,,whole plant,https://pdf.sciencedirectassets.com/271771/1-s2.0-S0031018200X00703/1-s2.0-S0031018299001364/main.pdf?X-Amz-Security-Token=IQoJb3JpZ2luX2VjEAYaCXVzLWVhc3QtMSJHMEUCIQCoNgM4wyvnyXnh%2Fm9YTMeaM1%2BUvfXTnB3IV5N0ZP%2BGHgIgE4lAXY3z3YsM5juGxoHesPVcphCxqbCDwWWZpUyVO7EqtAMIXxADGgwwNTkwMDM1NDY4NjUiDBPkq7Z5G4DgyCZWviqRA5tHTymgyb1JjeRnu%2FNpiIu5XRqE1INpjnccRb90sGx3ICs6MdwkGmO6Wmgm69xeJXgS8XIenYqwqo%2B%2FACEz%2FljRmV%2BfXBPKBEBM7ULYrYf0HZj35TupxMWpUCvsbB1nbguZxp317axVNW1nCJb4wLshFq3sy5Y5Rl7foNvpac04UWw%2BjdrMp5rYvP1wTjYed1i5n5w4NbdJlI4uDkBW0zNA0zjyB35dEtlEr3dmi0BgzMWQr92Ii6hHh4aUnjaLXHUvDK9HbEmnjaZPreqGAXV9dB3VruKyaXkzN22L27EKlDUMrF1L0jKgmXxxtMMUB5HFUHUCR4rDgI4RlUkVl2%2B2907zp%2F1avmx1ovYyqM3t9Qvi0%2FSV6LXM5I4OR7sYf9l9pqRtzxiZ1c8y8OBlO8Af2SPSCd4mujKgGOE%2BersXVBEekvLRnWtxhs5hQkPz7GWAk3YD3UN9FJ0Wa%2FXQyuof7VucXEZ3vXJqZxJBvYbCFCJblxKRIatJP920wOP0AN82u4nTTbJROwwZB5zF%2FJInMMnTpPYFOusBkmK0A2IYXkiDiGVBNv1d4XXe3s2SspVD4dwFsLGDDNLKLLzkg2Sv64lhHcN03fBqoqjVDlT5Q1rI4B0xBDp5yjvmqqFRoql6AA4NDxMmAFQwx3ep1v9llZmaxXdacWYXMmnyJUL3T8OCgQ%2F9MgcUaGzDZKcF2zeT4vBvX5Gr7JTnow4ljpqUOicAsaKB4UmhoPYa1krlGDlnKvMiGihrGF9BubvdcXuZzxOiEDDvOAQfDgeICGwaQ1JMYX8p7hJD0nMKfnBaJbGoEKNgK54vwcuZ6oV4fBnn0mH62vsSbc8SDuTxIvHOwgaFGA%3D%3D&X-Amz-Algorithm=AWS4-HMAC-SHA256&X-Amz-Date=20200523T151936Z&X-Amz-SignedHeaders=host&X-Amz-Expires=300&X-Amz-Credential=ASIAQ3PHCVTYVL76VJS6%2F20200523%2Fus-east-1%2Fs3%2Faws4_request&X-Amz-Signature=a9dffcfc614d04b66d8a91540991fb4484067a3bfb456ccbe4038ccddd583603&hash=29f8ce9110cf7a1ea7eb003a17a76f3a1347fccd9e8afd8d674b8e733785914c&host=68042c943591013ac2b2430a89b270f6af2c76d8dfd086a07176afe7c76c2c61&pii=S0031018299001364&tid=spdf-db4b744a-5443-4c7b-b92a-4654886ac4bb&sid=c57c3c469529c44ba868e9b8bd7e3cbee770gxrqb&type=client,
conifers,,,Pelourdea,,,Mesozoic,Triassic,Middle Triassic,Dont Formation,Europe,Italy,Kustatscher E. van Konijnenburg-van Cittert J. H. & Roghi G. (2010). Macrofloras and palynomorphs as possible proxies for palaeoclimatic and palaeoecological studies: A case study from the Pelsonian (Middle Triassic) of KÅ¸hwiesenkopf/Monte PrË† della Vacca (Olang Dolomites N-Italy). Palaeogeography Palaeoclimatology Palaeoecology 290(1-4) 71-80.,2010,10.1016/j.palaeo.2009.07.001,,Elsevier,,whole plant,https://www.sciencedirect.com/science/article/abs/pii/S0031018209002752,
conifers,,,Pelourdea,Peloudea poleoensis,,Mesozoic,Triassic,Late Triassic,Chinle,North America,USA,Ash S. (1987) Growth habit and systematics of the upper Triassic plant Peloudea poleoensis Southwestern USA. Review of Palaeobotanyand Palynology 51:37-49,1987,10.1016/0034-6667(87)90018-2,,,,,,
conifers,,,Albertia,,,Mesozoic,Triassic,Middle Triassic,Dont Formation,Europe,Italy,Kustatscher E. van Konijnenburg-van Cittert J. H. & Roghi G. (2010). Macrofloras and palynomorphs as possible proxies for palaeoclimatic and palaeoecological studies: A case study from the Pelsonian (Middle Triassic) of KÅ¸hwiesenkopf/Monte PrË† della Vacca (Olang Dolomites N-Italy). Palaeogeography Palaeoclimatology Palaeoecology 290(1-4) 71-80.,2010,https://doi.org/10.1016/j.palaeo.2009.07.001,,Elsevier,,whole plant,https://www.sciencedirect.com/science/article/abs/pii/S0031018209002752,
conifers,,Thucydiaceae,Thucydia,Thucydia mahoningensis,,Palaeozoic,Carboniferous,Pennsylvanian,,North America,,Hernandez-Castillo G. R. Rothwell G. W. Stockey R. A. & Mapes G. (2003). Growth architecture of Thucydia mahoningensis a model for primitive walchian conifer plants. International journal of plant sciences 164(3) 443-452.,2003,10.1086/373981,,UNIVERSITY OF CHICAGO PRESS,,whole plant,https://www.journals.uchicago.edu/doi/abs/10.1086/373981,usable under US fair use
conifers,,,Mutoviaspermum,Mutoviaspermum krassilovii,,Palaeozoic,Permian,Lopingian,Poldarsa Formation ,Asia,Russia,Karasev E. Forte G. Coiro M. & Kustatscher E. (2019). Mutoviaspermum krassilovii gen. et sp. nov.: A Peculiar Compound Ovuliferous Conifer Cone from the Lopingian (Late Permian) of European Russia (Vologda Region). International Journal of Plant Sciences 180(8) 779-799.,2019,10.1086/704944,,UNIVERSITY OF CHICAGO PRESS,,branch and cone,https://www.journals.uchicago.edu/doi/abs/10.1086/704944,
conifers,,Cheirolepidiaceae,,,,Mesozoic,Cretaceous,,,Europe,,Alvin K.L. 1982. Cheirolepidiaceae: Biology structure and paleoecology. Review of Palaeobotany and Palynology,1982,https://doi.org/10.1016/0034-6667(82)90038-0,,Elsevier,,,,
conifers,Coniferales,,Pseudofrenelopsis,Pseudofrenelopsis parceramosa,,Mesozoic,Cretaceous,Early Cretaceous,Wealden,Europe,UK,Alvin K. L. (1982). Cheirolepidiaceae: biology structure and paleoecology. Review of Palaeobotany and Palynology 37(1-2) 71-98.,1982,https://doi.org/10.1016/0034-6667(82)90038-0,Claire Dalby,Elsevier,,whole plant,https://www.sciencedirect.com/science/article/pii/0034666782900380,
conifers,Coniferales,,Pseudofrenelopsis,Pseudofrenelopsis parceramosa,,Mesozoic,Cretaceous,Early Cretaceous,Wealden,Europe,UK,Alvin K. L. (1982). Cheirolepidiaceae: biology structure and paleoecology. Review of Palaeobotany and Palynology 37(1-2) 71-98.,1982,https://doi.org/10.1016/0034-6667(82)90038-0,Claire Dalby,Elsevier,,whole plant,https://www.sciencedirect.com/science/article/pii/0034666782900380,
conifers,,Araucariaceae,Araucaria,Araucaria mirabilis,,Mesozoic,Jurassic,,La Matilde Formation,South America,Argentina,Falaschi P. Grosfeld J. Zamuner A. B. Foix N. & Rivera S. M. (2011). Growth architecture and silhouette of Jurassic conifers from La Matilde Formation Patagonia Argentina. Palaeogeography Palaeoclimatology Palaeoecology 302(3-4) 122-141.,2011,https://doi.org/10.1016/j.palaeo.2010.12.005,Julia Rouaux,Elsevier,,whole plant-ish,https://www.sciencedirect.com/science/article/pii/S0031018210007108?casa_token=iZ62pITVVywAAAAA:myj0dK3j2I26UGY7xlj452GVYp_36fQjG1zdo9uP9nCLl3sIFdlGAzCVZ6LnVfs1xFC69t1TxiOR,
conifers,,,,Morphotype A,,Mesozoic,Jurassic,,La Matilde Formation,South America,Argentina,Falaschi P. Grosfeld J. Zamuner A. B. Foix N. & Rivera S. M. (2011). Growth architecture and silhouette of Jurassic conifers from La Matilde Formation Patagonia Argentina. Palaeogeography Palaeoclimatology Palaeoecology 302(3-4) 122-141.,2011,https://doi.org/10.1016/j.palaeo.2010.12.005,Julia Rouaux,Elsevier,,whole plant,https://www.sciencedirect.com/science/article/pii/S0031018210007108?casa_token=iZ62pITVVywAAAAA:myj0dK3j2I26UGY7xlj452GVYp_36fQjG1zdo9uP9nCLl3sIFdlGAzCVZ6LnVfs1xFC69t1TxiOR,
conifers,,,,Morphotype B,,Mesozoic,Jurassic,,La Matilde Formation,South America,Argentina,Falaschi P. Grosfeld J. Zamuner A. B. Foix N. & Rivera S. M. (2011). Growth architecture and silhouette of Jurassic conifers from La Matilde Formation Patagonia Argentina. Palaeogeography Palaeoclimatology Palaeoecology 302(3-4) 122-141.,2011,https://doi.org/10.1016/j.palaeo.2010.12.005,Julia Rouaux,Elsevier,,whole plant,https://www.sciencedirect.com/science/article/pii/S0031018210007108?casa_token=iZ62pITVVywAAAAA:myj0dK3j2I26UGY7xlj452GVYp_36fQjG1zdo9uP9nCLl3sIFdlGAzCVZ6LnVfs1xFC69t1TxiOR,
conifers,,,Sergeia,Sergeia neuburgii,,Palaeozoic,Carboniferous,Pennsylvanian,,North America,,Rothwell G. W. Mapes G. & Mapes R. H. (1996). Anatomically preserved vojnovskyalean seed plants in Upper Pennsylvanian (Stephanian) marine shales of North America. Journal of Paleontology 70(6) 1067-1079.,1996,https://doi.org/10.1017/S0022336000038750,,The Paleontological Society,,reproductive structure,https://www.cambridge.org/core/journals/journal-of-paleontology/article/anatomically-preserved-vojnovskyalean-seed-plants-in-upper-pennsylvanian-stephanian-marine-shales-of-north-america/C3780929E4F79108857FCC0D27E0A39B,
conifers,,,Telemachus,,Heidiphyllum & Telemachus & Notophyton & Switzianthus & Parasciadopytis,Mesozoic,Triassic,,,Antarctica,Antarctica,Bomfleur B. Decombeix A. L. Escapa I. H. Schwendemann A. B. & Axsmith B. (2013). Whole-plant concept and environment reconstruction of a Telemachus conifer (Voltziales) from the Triassic of Antarctica. International Journal of Plant Sciences 174(3) 425-444.,2013,https://doi.org/10.1086/668686,,UNIVERSITY OF CHICAGO PRESS,,whole plant,https://www.journals.uchicago.edu/doi/pdfplus/10.1086/668686?casa_token=gYTdNRIj3N4AAAAA:MgDC74PXTijGirHbEKtTl7hTbj5SEWaeoG7BM9za5gYEoNHDYJYgBH_Fx-2R1-VMHYAESfO6aq94qg,
conifers,,,Austrohamia,Austrohamia minuta,,Mesozoic,Jurassic,Lower Jurassic,Lonco Trapial formation,South America,Argentina,Bodnar J. & Escapa I. H. (2016). Towards a whole plant reconstruction for Austrohamia (Cupressaceae): New fossil wood from the Lower Jurassic of Argentina. Review of Palaeobotany and Palynology 234 186-197.,2016,https://doi.org/10.1016/j.revpalbo.2016.09.005,,Elsevier,,whole plant,https://www.sciencedirect.com/science/article/pii/S0034666716300586?casa_token=fDEb2ChjmBwAAAAA:Wj_V_9njz-0x2mrI50umEnsdY-dFrfzuYAJl6fsyZ9hAa0n-D5EU89IxFNKPjylenQs0D5Zn2otq,
cordaites,Cordaitales,,Cordaixylon,Cordaixylon dumusum,,Palaeozoic,Carboniferous,Pennsylvanian,Duquesne coal,North America,USA,Rothwell G. W. & Warner S. (1984). Cordaixylon dumusum n. sp.(Cordaitales). I. Vegetative structures. Botanical Gazette 145(2) 275-291.,1984,10.1086/337456,,UNIVERSITY OF CHICAGO PRESS,,whole plant-ish,https://www.jstor.org/stable/pdf/2474349.pdf?casa_token=cmZ8UpNxqgcAAAAA:VwNdK9z2tV_lRlmAn-Uz0rzp3plai59c4DfOBsQDj90gwW2r8DqjORtFjIJ_P26w8W8Dwp7heu1NNKdoMEGDKmnG5fNTNv3iLiTrjZVRCw-W-w4ZlDxI1w,usable under US fair use
cycadophytes,Nilssoniales,,Nilssoniocladus,Nilssoniocladus nipponensis,,Mesozoic,Cretaceous,Early Cretaceous,,Aisa,Japan,Kimura T. & Sekido S. (1975). Nilssoniocladus n. gen.(Nilssoniaceae n. fam.) newly found from the early Lower Cretaceous of Japan. Palaeontographica Abteilung B 111-118.,1975,,,Schweizerbart,,branch,,
cycadophytes,Nilssoniales,,Beania,,,Mesozoic,Jurassic,Middle Jurassic,Cloughton Formation,Europe,UK,Harris T. M. (1961). The fossil cycads. Palaeontology 4(3) 313-323.,1961,,,Paleontological Association,,whole plant,https://www.palass.org/sites/default/files/media/publications/palaeontology/volume_4/vol4_part3_pp313-323.pdf,
cycadophytes,Bennettitales,,Wielandiella ,Wielandiella angustifolia,,Mesozoic,Triassic,,,,,Pott C. & McLoughlin S. (2014). Divaricate growth habit in Williamsoniaceae (Bennettitales): unravelling the ecology of a key Mesozoic plant group. Palaeobiodiversity and Palaeoenvironments 94(2) 307-325.,2014,10.1007/s12549-014-0157-9,Pollyanna von Knorring,Springer Nature,,whole plant,https://link.springer.com/article/10.1007/s12549-014-0157-9,
cycadophytes,,,Phasmatocycas,Phasmatocycas bridwellii,,Palaeozoic,Carboniferous,Pennsylvanian,Lawrence Shale,North America,USA,Axsmith B. J. Serbet R. Krings M. Taylor T. N. Taylor E. L. & Mamay S. H. (2003). The enigmatic Paleozoic plants Spermopteris and Phasmatocycas reconsidered. American Journal of Botany 90(11) 1585-1595.,2003,10.3732/ajb.90.11.1585,,Botanical Society of America,unclear,whole plant,https://bsapubs.onlinelibrary.wiley.com/doi/full/10.3732/ajb.90.11.1585,
cycadophytes,,,Pterophyllum/Nilssonia,,,Mesozoic,Triassic,Middle Triassic,Dont Formation,Europe,Italy,Kustatscher E. van Konijnenburg-van Cittert J. H. & Roghi G. (2010). Macrofloras and palynomorphs as possible proxies for palaeoclimatic and palaeoecological studies: A case study from the Pelsonian (Middle Triassic) of KÅ¸hwiesenkopf/Monte PrË† della Vacca (Olang Dolomites N-Italy). Palaeogeography Palaeoclimatology Palaeoecology 290(1-4) 71-80.,2010,https://doi.org/10.1016/j.palaeo.2009.07.001,,Elsevier,,whole plant,https://www.sciencedirect.com/science/article/abs/pii/S0031018209002752,
cycadophytes,,,Taeniopteris,,,Mesozoic,Triassic,Middle Triassic,Dont Formation,Europe,Italy,Kustatscher E. van Konijnenburg-van Cittert J. H. & Roghi G. (2010). Macrofloras and palynomorphs as possible proxies for palaeoclimatic and palaeoecological studies: A case study from the Pelsonian (Middle Triassic) of KÅ¸hwiesenkopf/Monte PrË† della Vacca (Olang Dolomites N-Italy). Palaeogeography Palaeoclimatology Palaeoecology 290(1-4) 71-80.,2010,https://doi.org/10.1016/j.palaeo.2009.07.001,,Elsevier,,whole plant,https://www.sciencedirect.com/science/article/abs/pii/S0031018209002752,
cycadophytes,,,Baikalophyllum,Baikalophyllum lobatum,,Mesozoic,Cretaceous,Early Cretaceous,Yixian Formation,Asia,China,Pott C. McLoughlin S. LindstrÅ¡m A. Shunqing W. & Friis E. M. (2012). Baikalophyllum lobatum and Rehezamites anisolobus: Two seed plants with Ã’cycadophyteÃ“ foliage from the Early Cretaceous of eastern Asia. International Journal of Plant Sciences 173(2) 192-208.,2012,10.1086/663276,Pollyanna von Knorring,UNIVERSITY OF CHICAGO PRESS,,whole plant-ish,https://www.journals.uchicago.edu/doi/pdfplus/10.1086/663276?casa_token=DJlZ56BFWZ0AAAAA:Q_B-x5OiOgXbMtZ1G8ymvjDEn5uncKlnHzN0jOpZTaL-LZZH82Z4ghqd9ixwmqHedRpTovM6NsGXOw,
cycadophytes,,,Rehezamites,Rehezamites anisolobus,,Mesozoic,Cretaceous,Early Cretaceous,Yixian Formation,Asia,China,Pott C. McLoughlin S. LindstrÅ¡m A. Shunqing W. & Friis E. M. (2012). Baikalophyllum lobatum and Rehezamites anisolobus: Two seed plants with Ã’cycadophyteÃ“ foliage from the Early Cretaceous of eastern Asia. International Journal of Plant Sciences 173(2) 192-208.,2012,10.1086/663276,Pollyanna von Knorring,UNIVERSITY OF CHICAGO PRESS,,whole plant-ish,https://www.journals.uchicago.edu/doi/pdfplus/10.1086/663276?casa_token=DJlZ56BFWZ0AAAAA:Q_B-x5OiOgXbMtZ1G8ymvjDEn5uncKlnHzN0jOpZTaL-LZZH82Z4ghqd9ixwmqHedRpTovM6NsGXOw,
cycadophytes,Bennettitales,,,,Cycadolepis wettsteinii & Haitingeria krasseri & Bennetticarpus wettsteinii,Mesozoic,Triassic,Late Triassic,,Europe,Austria,Pott C. Krings M. Kerp H. & Friis E. M. (2010). Reconstruction of a bennettitalean flower from the Carnian (Upper Triassic) of Lunz Lower Austria. Review of Palaeobotany and Palynology 159(1-2) 94-111.,2010,10.1016/j.revpalbo.2009.11.004,Pollyanna von Knorring,Elsevier,,reproductive structure,https://www.sciencedirect.com/science/article/pii/S0034666709002061?casa_token=rhLRLJbZnt0AAAAA:x7NqdDfTzX9KVwPyGgbrycbLEnx3bnMAUgFwT83oJmxkVDs4uEnE8GLGCPb8L0eYxn9UiGnAf0CF,
cycads,Cycadales,,Leptocycas,Leptocycas yangcaogouensis,,Mesozoic,Triassic,,Yangcaogou Formation,Asia,China,ZHANG J. W. YAO J. X. CHEN J. R. & LI C. S. (2010). A new species of Leptocycas (Zamiaceae) from the Upper Triassic sediments of Liaoning Province China. Journal of Systematics and Evolution 48(4) 286-301.,2010,doi.org/10.1111/j.1759-6831.2010.00079.x,,Institute of Botany,,,,
cycads,Cycadales,,Antarcticycas,,Antarcticycas schopfii,,,,,,,,,,,,,,,
cycads,Cycadales,,Leptocycas,Leptocycas gracilis,,Mesozoic,Triassic,,,North America,USA,Delevoryas T. & Hope R. C. (1971). A new Triassic cycad and its phyletic implications. Peabody Museum of Natural History Yale University.,1971,,,,,whole plant,,
cycads,Cycadales,,Bjuvia,,Bjuvia simplex& Palaeocycas integer,Mesozoic,Triassic,,,Europe,Sweden,Florin R. 1933. Studien uber die Cycadales des Mesozoikums nebst Erorterngen uber die Spaltoffnungsapparate der Bennettitales. K. Svenska Vetensk. Acad. Handl. 12 pp.1-134.,1933,,,???,,whole plant,,
cycads,,,Bjuvia,,,Mesozoic,Triassic,Middle Triassic,Dont Formation,Europe,Italy,Kustatscher E. van Konijnenburg-van Cittert J. H. & Roghi G. (2010). Macrofloras and palynomorphs as possible proxies for palaeoclimatic and palaeoecological studies: A case study from the Pelsonian (Middle Triassic) of KÅ¸hwiesenkopf/Monte PrË† della Vacca (Olang Dolomites N-Italy). Palaeogeography Palaeoclimatology Palaeoecology 290(1-4) 71-80.,2010,https://doi.org/10.1016/j.palaeo.2009.07.001,,Elsevier,,whole plant,https://www.sciencedirect.com/science/article/abs/pii/S0031018209002752,
cycads,,,Ctenis,Ctenis sp.,,Mesozoic,Cretaceous,Late Cretaceous,Big Cedar Ridge,North America,USA,,,,Mary Parrish,???,,whole plant,https://naturalhistory2.si.edu/ETE/ETE_People_Wing_ResearchThemes_BCR.html,
cycads,Cycadales,,Microzamia,Microzamia gibba,,Mesozoic,Cretaceous,Late Cretaceous,Peruc-Korycany Formation,Europe,Czechia,Kvac_ek J. (1997). Microzamia gibba (Reuss) Corda: a cycad ovulate cone from the Bohemian Cretaceous Basin Czech RepublicÃ‘micromorphology and a reinterpretation of its affinities. Review of Palaeobotany and Palynology 96(1-2) 81-97.,1997,10.1016/S0034-6667(96)00047-4,,Elsevier,,cone,https://www.sciencedirect.com/science/article/pii/S0034666796000474,
ferns,Gleicheniales,,Hausmannia,Hausmannia sp.,,Mesozoic,Cretaceous,Late Cretaceous,Big Cedar Ridge,North America,USA,,,,Mary Parrish,???,,whole plant,https://naturalhistory2.si.edu/ETE/ETE_People_Wing_ResearchThemes_BCR.html,
ferns,Gleicheniales,,Clathropteris,Clathropteris meniscioides,,Mesozoic,Jurassic,Early Jurassic,Unnamed Formation equivalent to Las Leoneras Formation,South America,Argentina,Choo T. Y. S. Escapa I. H. & Bomfleur B. (2016). Monotypic colonies of Clathropteris meniscoides (Dipteridaceae) from the Early Jurassic of central Patagonia Argentina: implications for taxonomy and palaeoecology. Palaeontographica Abteilung B 294(1) 85Ãê109.,2016,10.1127/palb/294/2016/85,,Schweizerbart,,whole plant,https://www.schweizerbart.de/papers/palb/detail/294/86916/Monotypic_colonies_of_Clathropteris_meniscioides_Dipteridaceae_from_the_Early_Jurassic_of_central_Patagonia_Argentina_implications_for_taxonomy_and_palaeoecology,
ferns,Gleicheniales,,Dictyophyllum,Dictyophyllum menendezi,,Mesozoic,Triassic,,Barreal Formation,South America,Argentina,Bodnar J. Drovandi J.M. Morel E.M. and Ganuza D.G. 2018. Middle Triassic dipterid ferns from west-central Argentina and their relationship to palaeoclimatic changes. Acta Palaeontologica Polonica 63 (2): 397Ãê416.,2018,,,Authors,CC BY,frond,https://www.app.pan.pl/archive/published/app63/app004592018.html,
ferns,Hymenophyllales,,Hopetedia,Hopetedia praetermissa,,Mesozoic,Triassic,,,North America,USA,Axsmith et al. (2001) A filmy fern from the upper Triassic of North Carolina (USA),2001,10.2307/3558399,,Botanical Society of America,,,https://bsapubs.onlinelibrary.wiley.com/doi/pdf/10.2307/3558399,
ferns,Zygopteridales,,Corynepteris,Corynepteris cabrierensis,,Palaeozoic,Carboniferous,,,Europe,,Galtier,2004,10.1016/S0034-6667(03)00133-7,,,,,https://s3.amazonaws.com/academia.edu.documents/48890933/s0034-6667_2803_2900133-720160916-7452-1ifg93z.pdf?response-content-disposition=inline%3B%20filename%3DA_new_zygopterid_fern_from_the_Early_Car.pdf&X-Amz-Algorithm=AWS4-HMAC-SHA256&X-Amz-Credential=ASIATUSBJ6BAGOGLWUEF%2F20200526%2Fus-east-1%2Fs3%2Faws4_request&X-Amz-Date=20200526T195501Z&X-Amz-Expires=3600&X-Amz-SignedHeaders=host&X-Amz-Security-Token=IQoJb3JpZ2luX2VjEFMaCXVzLWVhc3QtMSJHMEUCIDvwbbgyN%2Bpex0wf4KwMLEiTM0QxsZQujPi4oK%2F11x75AiEAtm5r4T7fsB%2Fcf49XcRBTCEq8wu9fFCrUuZfy27WS6rMqvQMIq%2F%2F%2F%2F%2F%2F%2F%2F%2F%2F%2FARAAGgwyNTAzMTg4MTEyMDAiDH5hNZXxbdtFwjQxwiqRA0KSLJCXo0HIe8M3mdrtmuObcCs%2FrbZme%2FqJ14Wl0F3xmokHnRrV3s9hHxObOaH6ukDuHsCSdjKvZC2WR20%2Bae5nU7UsbaehVTMgq8vBLVdJjWw2%2F7XRx43d6mzNzd97LN5GeB%2BthnaU69ru0kgK7cjC4jIfmHwIgofe2i0LIB6w5vyGBTkVpYa2Y4PYKC05k5K8fs5%2BtqRgvPwGR3BM1LE1FHoQ2ZqGklD9zp2Vtb7jwTVoUfVYviXIrBBTgjPskp34gv8XRGya7M0kkII9gRivesvrB2MvPKpHHY8EVij3XpPHbU1Dm8%2BFnfkr5iZpSIcXqdP7lKh7iAA5T0vy1WOenkt%2F16LYgaRDml2Xt45U8lu1reUAJsPbzr18awG%2FhTduXIDxrpUQZxbCzLl5y9ves3FumcXW2%2F%2Bh2u5dSN5YJFvxzAzIHWV00tqT%2FqlAOmweqFhVP0FsbOQBSfa7RIj%2BZToU1X8%2FpfgFfycHSgXI7TyLBAAeQYaKf2%2BAD4gfOtbqjaJLSiYqr9L2wSCDnG50MNS7tfYFOusBlNw9DkUE%2FAn9W4u7MOBrRdrYEAHKzGX0q2RRCv3Da5cPaHDF%2FoCz2rj75u3E3fXQNqQoCc3vm9mlKbkhy4WZs7J2SOIM3C2vBZC2OkZbKD2a39lN61l3Vc65jx4V64xwSsdJ57m5EIlS3jKPVc0WZOg1BctnCbihrNCgm1c04OX75ST0%2Bp%2Bj6CwEXV6gjqNsW%2BOZU0g%2BYMdMpk%2Fw3mW53RVVM6rojmuGM%2BH8k610GNCTqOYDYARCOyXDbIeQINYhK8IVNHxx2N%2FO3MdvB%2BaVcyFW3pdPdBUNIVmQj%2FVNEB%2BqVLM4M66XCatsvA%3D%3D&X-Amz-Signature=2c3b19b0dff0e899cefdfe4d1b88ddad8328d84b5aa45971585c9bcd5bc83543,
ferns,,,Gordonopteris,,,Mesozoic,Triassic,Middle Triassic,Dont Formation,Europe,Italy,Kustatscher E. van Konijnenburg-van Cittert J. H. & Roghi G. (2010). Macrofloras and palynomorphs as possible proxies for palaeoclimatic and palaeoecological studies: A case study from the Pelsonian (Middle Triassic) of KÅ¸hwiesenkopf/Monte PrË† della Vacca (Olang Dolomites N-Italy). Palaeogeography Palaeoclimatology Palaeoecology 290(1-4) 71-80.,2010,https://doi.org/10.1016/j.palaeo.2009.07.001,,Elsevier,,whole plant,https://www.sciencedirect.com/science/article/abs/pii/S0031018209002752,
ferns,,,Neuropteridium,,,Mesozoic,Triassic,Middle Triassic,Dont Formation,Europe,Italy,Kustatscher E. van Konijnenburg-van Cittert J. H. & Roghi G. (2010). Macrofloras and palynomorphs as possible proxies for palaeoclimatic and palaeoecological studies: A case study from the Pelsonian (Middle Triassic) of KÅ¸hwiesenkopf/Monte PrË† della Vacca (Olang Dolomites N-Italy). Palaeogeography Palaeoclimatology Palaeoecology 290(1-4) 71-80.,2010,https://doi.org/10.1016/j.palaeo.2009.07.001,,Elsevier,,whole plant,https://www.sciencedirect.com/science/article/abs/pii/S0031018209002752,
ferns,,,Anomopteris,,,Mesozoic,Triassic,Middle Triassic,Dont Formation,Europe,Italy,Kustatscher E. van Konijnenburg-van Cittert J. H. & Roghi G. (2010). Macrofloras and palynomorphs as possible proxies for palaeoclimatic and palaeoecological studies: A case study from the Pelsonian (Middle Triassic) of KÅ¸hwiesenkopf/Monte PrË† della Vacca (Olang Dolomites N-Italy). Palaeogeography Palaeoclimatology Palaeoecology 290(1-4) 71-80.,2010,https://doi.org/10.1016/j.palaeo.2009.07.001,,Elsevier,,whole plant,https://www.sciencedirect.com/science/article/abs/pii/S0031018209002752,
ferns,,,Sphenopteris,,,Mesozoic,Triassic,Middle Triassic,Dont Formation,Europe,Italy,Kustatscher E. van Konijnenburg-van Cittert J. H. & Roghi G. (2010). Macrofloras and palynomorphs as possible proxies for palaeoclimatic and palaeoecological studies: A case study from the Pelsonian (Middle Triassic) of KÅ¸hwiesenkopf/Monte PrË† della Vacca (Olang Dolomites N-Italy). Palaeogeography Palaeoclimatology Palaeoecology 290(1-4) 71-80.,2010,https://doi.org/10.1016/j.palaeo.2009.07.001,,Elsevier,,whole plant,https://www.sciencedirect.com/science/article/abs/pii/S0031018209002752,
ferns,,,Liknopetalon,Liknopetalon anomalum,,Palaeozoic,Permian,,Irwin River,Australia,Australia,Adendorff R. Bamford M. K. & McLoughlin S. (2003). Liknopetalon: a review of a rare gondwanan Permian pteridophyte. Review of Palaeobotany and Palynology 126(1-2) 83-101.,2003,10.1016/S0034-6667(03)00061-7,,,,whole plant,,
ginkgophytes,Ginkgoales,,Nehvizdyella,Nehvizdyella bipartita,,Mesozoic,Cretaceous,Late Cretaceous,Peruc-Korycany Formation,Europe,Czechia,Kva_ek J. Falcon_Lang H. J. & Da_kovâ€¡ J. (2005). A new Late Cretaceous ginkgoalean reproductive structure Nehvizdyella gen. nov. from the Czech Republic and its whole_plant reconstruction. American Journal of Botany 92(12) 1958-1969.,2005,10.3732/ajb.92.12.1958,JirÃ¿Ãµ__ Svoboda,Botanical Society of America,,whole plant-ish,https://bsapubs.onlinelibrary.wiley.com/doi/full/10.3732/ajb.92.12.1958,
ginkgophytes,,,Karkenia,Karkenia recurva,,Mesozoic,Cretaceous,Early Cretaceous,Bajo Tigre Formation,South America,Argentina,Archangelsky S. (1965). Fossil Ginkgoales from the Tico Flora Santa Cruz Province Argentina. Bulletin of the British Museum (Natural History) Geology 10(5) 119Ãê137.,1965,,,The Trustees of the Natural History Museum London,CC BY-NC-SA 4.0,whole plant-ish,https://www.biodiversitylibrary.org/item/112052#page/213/mode/1up,
ginkgophytes,,,Umaltolepis,Umaltolepis mongoliensis,,Mesozoic,Cretaceous,Early Cretaceous,Tevshiingovi Formation,Asia,Mongolia,Herrera F. Shi G. Ichinnorov N. Takahashi M. Bugdaeva E. V. Herendeen P. S. & Crane P. R. (2017). The presumed ginkgophyte Umaltolepis has seed-bearing structures resembling those of Peltaspermales and Umkomasiales. Proceedings of the National Academy of Sciences 114(12) E2385-E2391.,2017,10.1073/pnas.1621409114,Pollyanna von Knorring,NAS,,whole plant-ish,https://www.pnas.org/content/114/12/E2385,
ginkgophytes,Ginkgoales,,Ginkgo,Ginkgo yimaensis,,Mesozoic,Jurassic,Middle Jurassic,Yima Formation,Asia,China,Zhou Z. & Zhang B. (1989). A Middle Jurassic Ginkgo with ovule-bearing organs from Henan China. Palaeontographica Abteilung B 113-133.,1989,,,Schweizerbart,,whole plant-ish,,
ginkgophytes,Ginkgoales,,Ginkgo,Ginkgo yimaensis,,Mesozoic,Jurassic,Middle Jurassic,Yima Formation,Asia,China,Dong C. Zhou Z. Zhang B. Wang Y. & Shi G. (2019). Umaltolepis and associated Pseudotorellia leaves from the Middle Jurassic of Yima in Henan Province Central China. Review of Palaeobotany and Palynology 271 104111. http://doi.org/10.1016/j.revpalbo.2019.104111,2019,10.1016/j.revpalbo.2019.104111,,Elsevier,,whole plant-ish,https://www.sciencedirect.com/science/article/pii/S0034666719301526,
ginkgophytes,,,Yimaia,Yimaia recurva (+ Baiera hallei),,Mesozoic,Jurassic,Middle Jurassic,Yima Formation,Asia,China,Zhiyan Z. & Zhang Bole Y. (1992). Baiera hallei Sze and associated ovule-bearing organs from the Middle Jurassic of Henan China. Palaeontographica Abteilung B 224(4Ãê6) 151Ãê169.,1992,,,Schweitzerbart Science Publishers,,whole plant-ish,https://www.schweizerbart.de/papers/palab/detail/224/72461/iBaiera_hallei_i_Sze_and_associated_ovule_bearing_organs_from_the_Middle_Jurassic_of_Henan_China,
ginkgophytes,,,Yimaia,Yimaia recurva (+ Baiera hallei),,Mesozoic,Jurassic,Middle Jurassic,Yima Formation,Asia,China,Dong C. Zhou Z. Zhang B. Wang Y. & Shi G. (2019). Umaltolepis and associated Pseudotorellia leaves from the Middle Jurassic of Yima in Henan Province Central China. Review of Palaeobotany and Palynology 271 104111. http://doi.org/10.1016/j.revpalbo.2019.104111,2019,10.1016/j.revpalbo.2019.104112,,Elsevier,,whole plant-ish,https://www.sciencedirect.com/science/article/pii/S0034666719301526,
ginkgophytes,,,Karkenia,Karkenia henanensis (Sphenobaiera sp.),,Mesozoic,Jurassic,Middle Jurassic,Yima Formation,Asia,China,Dong C. Zhou Z. Zhang B. Wang Y. & Shi G. (2019). Umaltolepis and associated Pseudotorellia leaves from the Middle Jurassic of Yima in Henan Province Central China. Review of Palaeobotany and Palynology 271 104111. http://doi.org/10.1016/j.revpalbo.2019.104111,2019,10.1016/j.revpalbo.2019.104112,,Elsevier,,whole plant-ish,https://www.sciencedirect.com/science/article/pii/S0034666719301526,
glossopterids,Glossopteridales,,Dictyopteridium,Dictyopteridium sporiferum,,Palaeozoic,Permian,Lopingian,,Australia,Australia,Retallack G. J. & Dilcher D. L. (1988). Reconstructions of selected seed ferns. Annals of the Missouri Botanical Garden 1010-1057.,1988,10.2307/2399379,,Missouri Botanical Garden Press,,whole plant,https://www.jstor.org/stable/2399379?casa_token=lVGmujy1H2oAAAAA:uQ8XOD27KwwNJ3DobR1CVowzUaTQa0ZDbNkHTHJFLPs8zfTvWZ8iTRu9f4rvNKnK1l3ODUb9QLt5YLmmM98UlN1D-ywgKT9kezdz81U65-xJBrimI4HPbg&seq=1#metadata_info_tab_contents,
glossopterids,Glossopteridales,,Glossopteris,,,Palaeozoic,Permian,,,Europe,,Prevec R. (2012). The life of coal: ancient forests that power our nation. Quest 8(4) 26-31.,2012,,Rose Prevec,???,,whole plant,https://hdl.handle.net/10520/EJC130624,
gnetophytes,Gnetales,,Drewria,Drewria potomacensis,,Mesozoic,Cretaceous,Early Cretaceous,Potomac Group,North America,USA,Crane P. R. & Upchurch Jr G. R. (1987). Drewria potomacensis gen. et sp. nov. an Early Cretaceous member of Gnetales from the Potomac Group of Virginia. American Journal of Botany 74(11) 1722-1736.,1987,10.1002/j.1537-2197.1987.tb08774.x,P. Quasthoff,Botanical Society of America,,whole plant-ish,https://www.jstor.org/stable/pdf/2444143.pdf?casa_token=Zd7ERqeOB7YAAAAA:6vkmWp9OntccHxg4nyF0XF-804u877CA0r7LYRmhClIYW18v1ARFaT_k5__ZTb86es2zSWcr3i4vQp09lKHWIaFucmJnuLDdjX2tlrEAKobHCCbmy_8MLg,
gnetophytes,Gnetales,,Liaoxia,Liaoxia chenii,,Mesozoic,Cretaceous,Early Cretaceous,Yixian Formation,Asia,China,Rydin C. Wu S. Q. & Friis E. M. (2006). Liaoxia Cao et SQ Wu (Gnetales): ephedroids from the Early Cretaceous Yixian Formation in Liaoning northeastern China. Plant Systematics and Evolution 262(3-4) 239-265.,2006,10.1007/s00606-006-0481-2,Pollyanna von Knorring,Springer Nature,,whole plant,https://link.springer.com/content/pdf/10.1007/s00606-006-0481-2.pdf,
gymnosperms,Petriellales,,Rochipteris,Rochipteris alexandriana,,Mesozoic,Triassic,,Fremouw Formation,Antarctica,Antarctica,Bomfleur B. Decombeix A. L. Schwendemann A. B. Escapa I. H. Taylor E. L. Taylor T. N. & McLoughlin S. (2014). Habit and ecology of the Petriellales an unusual group of seed plants from the Triassic of Gondwana. International Journal of Plant Sciences 175(9) 1062-1075.,2014,10.1086/678087,,UNIVERSITY OF CHICAGO PRESS,,whole plant,https://www.journals.uchicago.edu/doi/pdfplus/10.1086/678087,usable under US fair use
gymnosperms,,,Dordrechtities,Dordrechtities spp.,,Mesozoic,Triassic,,,Africa,South Africa,Anderson and Anderson (2003) Heyday of the gymnosperms: systematics and biodiversity of the Late Triassic Molteno Formation. Strelitsia 15,2003,,,,,,,
horsetails,,,Equisetites,,,Mesozoic,Triassic,Middle Triassic,Dont Formation,Europe,Italy,Kustatscher E. van Konijnenburg-van Cittert J. H. & Roghi G. (2010). Macrofloras and palynomorphs as possible proxies for palaeoclimatic and palaeoecological studies: A case study from the Pelsonian (Middle Triassic) of KÅ¸hwiesenkopf/Monte PrË† della Vacca (Olang Dolomites N-Italy). Palaeogeography Palaeoclimatology Palaeoecology 290(1-4) 71-80.,2010,https://doi.org/10.1016/j.palaeo.2009.07.001,,Elsevier,,whole plant,https://www.sciencedirect.com/science/article/abs/pii/S0031018209002752,
horsetails,,,Neocalamites,,,Mesozoic,Triassic,Middle Triassic,Dont Formation,Europe,Italy,Kustatscher E. van Konijnenburg-van Cittert J. H. & Roghi G. (2010). Macrofloras and palynomorphs as possible proxies for palaeoclimatic and palaeoecological studies: A case study from the Pelsonian (Middle Triassic) of KÅ¸hwiesenkopf/Monte PrË† della Vacca (Olang Dolomites N-Italy). Palaeogeography Palaeoclimatology Palaeoecology 290(1-4) 71-80.,2010,https://doi.org/10.1016/j.palaeo.2009.07.001,,Elsevier,,whole plant,https://www.sciencedirect.com/science/article/abs/pii/S0031018209002752,
horsetails,Equisetales,,Sphenophyllum,Sphenophyllum costae,,Palaeozoic,Carboniferous,,Sydney Mines Formation,North America,Canada,Bashforth A. R. & Zodrow E. L. (2007). Partial reconstruction and palaeoecology of Sphenophyllum costae (Middle Pennsylvanian Nova Scotia Canada). Bulletin of Geosciences 82(4) 365-382,2007,10.3140/bull.geosci.2007.04.365,,unclear potentially authors,unclear potentially free?,whole plant,https://www.researchgate.net/profile/Arden_Bashforth/publication/26490361_Partial_reconstruction_and_palaeoecology_of_Sphenophyllum_costae_Middle_Pennsylvanian_Nova_Scotia_Canada/links/0deec51539b003e438000000.pdf,
lycopsids,,,Diaphorodendron,Diaphorodendron scleroticum,,Palaeozoic,Carboniferous,Pennsylvanian,,North America,USA,Wnuk C. (1985). The ontogeny and paleoecology of Lepidodendron rimosum and Lepidodendron bretonense trees from the Middle Pennsylvanian of the Bernice Basin (Sullivan County Pennsylvania). Palaeontographica Abteilung B PalÅ ophytologie 195(5-6) 153-181.,1985,,,Schweizerbart,,whole plant,,
lycopsids,,,Lepidophloios,Lepidophloios hallii,,Palaeozoic,Carboniferous,,,North America,USA,Dimichele W. A. & Phillips T. L. (1985). Arborescent lycopod reproduction and paleoecology in a coal-swamp environment of late Middle Pennsylvanian age (Herrin Coal Illinois USA). Review of Palaeobotany and Palynology 44(1-2) 1-26.,1985,10.1016/0034-6667(85)90026-0,,Elsevier,,whole plant,https://www.sciencedirect.com/science/article/pii/0034666785900260,
lycopsids,,,Anabathra,Anabathra pulcherrima,,Palaeozoic,Carboniferous,,,North America,USA,Dimichele W. A. & Phillips T. L. (1985). Arborescent lycopod reproduction and paleoecology in a coal-swamp environment of late Middle Pennsylvanian age (Herrin Coal Illinois USA). Review of Palaeobotany and Palynology 44(1-2) 1-26.,1985,10.1016/0034-6667(85)90026-0,,Elsevier,,whole plant,https://www.sciencedirect.com/science/article/pii/0034666785900260,
lycopsids,,,Synchysidendron,Synchysidendron dicentricum,,Palaeozoic,Carboniferous,Pennsylvanian,,North America,USA,Wnuk C. (1985). The ontogeny and paleoecology of Lepidodendron rimosum and Lepidodendron bretonense trees from the Middle Pennsylvanian of the Bernice Basin (Sullivan County Pennsylvania). Palaeontographica Abteilung B PalÅ ophytologie 195(5-6) 153-181.,1985,,,Schweizerbart,,whole plant,,
lycopsids,,,Sigillaria,Sigillaria approximata,,Palaeozoic,Carboniferous,,,Europe,,Max H. (1927). Handbuch der PalÅ obotanik. Alexander Doweld.,1927,,,???,,whole plant,,
lycopsids,,,Diaphorodendron,Diaphorodendron phillipsii,,Palaeozoic,Carboniferous,Pennsylvanian,,North America,USA,Wnuk C. (1985). The ontogeny and paleoecology of Lepidodendron rimosum and Lepidodendron bretonense trees from the Middle Pennsylvanian of the Bernice Basin (Sullivan County Pennsylvania). Palaeontographica Abteilung B PalÅ ophytologie 195(5-6) 153-181.,1985,,,Schweizerbart,,whole plant,,
lycopsids,,,Chaloneria,Chaloneria cormosa,,Palaeozoic,Carboniferous,,,North America,USA,Pigg K. B. & Rothwell G. W. (1983). Chaloneria gen. nov.,,,,,,,,
lycopsids,,,Hizemodendron,Hizemodendron serratum,,Palaeozoic,Carboniferous,,,North America,,Bateman R. M. DiMichele W. A. & Willard D. A. (1992). Experimental cladistic analysis of anatomically preserved arborescent lycopsids from the Carboniferous of Euramerica: an essay on paleobotanical phylogenetics. Annals of the Missouri Botanical Garden 500-559.,1992,10.2307/2399752,,Missouri Botanical Garden Press,,whole plant,https://repository.si.edu/bitstream/handle/10088/7110/paleo_1992_Bateman_et_al._AMBG.pdf,
lycopsids,,,Paralycopodites,Paralycopodites brevifolius,,Palaeozoic,Carboniferous,,,North America,USA,Dimichele W. A. & Phillips T. L. (1985). Arborescent lycopod reproduction and paleoecology in a coal-swamp environment of late Middle Pennsylvanian age (Herrin Coal Illinois USA). Review of Palaeobotany and Palynology 44(1-2) 1-26.,1985,10.1016/0034-6667(85)90026-0,,Elsevier,,whole plant,https://www.sciencedirect.com/science/article/pii/0034666785900260,
lycopsids,,,Paurodendron,Paurodendron fraipontii,,Palaeozoic,Carboniferous,,,,,Schlanker C. M. & Leisman G. A. (1969). The herbaceous Carboniferous lycopod Selaginella fraiponti comb. nov. Botanical gazette 130(1) 35-41.,1969,,,UNIVERSITY OF CHICAGO PRESS,,whole plant,https://www.journals.uchicago.edu/doi/abs/10.1086/336466,
lycopsids,,,Oxroadia,Oxroadia gracilis,,Palaeozoic,Carboniferous,,,Europe,Scotland,Bateman R. M. (1988). Palaeobotany and palaeoenvironments of Lower Carboniferous floras from two volcanigenic terrains in the Scottish Midland Valley (Doctoral dissertation Royal Holloway University of London).,1988,,,author?,,whole plant,,
lycopsids,Isoetales,,Paurodendendron,Paurodendendron stellatum,,Palaeozoic,Permian,,,Antarctica,Antarctica,McLoughlin S. Drinnan A. N. Slater B. J. & Hilton J. (2015). Paurodendron stellatum: a new Permian permineralized herbaceous lycopsid from the Prince Charles Mountains Antarctica. Review of Palaeobotany and Palynology 220 1-15.,2015,10.1016/j.revpalbo.2015.04.004,,Authors,unclear,,,
lycopsids,,,Lycopia,,,Mesozoic,Triassic,Middle Triassic,Dont Formation,Europe,Italy,Kustatscher E. van Konijnenburg-van Cittert J. H. & Roghi G. (2010). Macrofloras and palynomorphs as possible proxies for palaeoclimatic and palaeoecological studies: A case study from the Pelsonian (Middle Triassic) of KÅ¸hwiesenkopf/Monte PrË† della Vacca (Olang Dolomites N-Italy). Palaeogeography Palaeoclimatology Palaeoecology 290(1-4) 71-80.,2010,https://doi.org/10.1016/j.palaeo.2009.07.001,,Elsevier,,whole plant,https://www.sciencedirect.com/science/article/abs/pii/S0031018209002752,
lycopsids,,,Lepacyclotes,,,Mesozoic,Triassic,Middle Triassic,Dont Formation,Europe,Italy,Kustatscher E. van Konijnenburg-van Cittert J. H. & Roghi G. (2010). Macrofloras and palynomorphs as possible proxies for palaeoclimatic and palaeoecological studies: A case study from the Pelsonian (Middle Triassic) of KÅ¸hwiesenkopf/Monte PrË† della Vacca (Olang Dolomites N-Italy). Palaeogeography Palaeoclimatology Palaeoecology 290(1-4) 71-80.,2010,https://doi.org/10.1016/j.palaeo.2009.07.001,,Elsevier,,whole plant,https://www.sciencedirect.com/science/article/abs/pii/S0031018209002752,
pteridosperms,Caytoniales,,Ruflorinia,,Ruflorinia sierra Ktaleniacircularis,Mesozoic,Cretaceous,Early Cretaceous,Baquero group,South America,Argentina,Taylor T. N. & Archangelsky S. (1985). The Cretaceous pteridosperms Ruflorinia and Ktalenia and implications on cupule and carpel evolution. American Journal of Botany 72(12) 1842-1853.,1985,10.1002/j.1537-2197.1985.tb08458.x,,Botanical Society of America,,branch,https://bsapubs.onlinelibrary.wiley.com/doi/abs/10.1002/j.1537-2197.1985.tb08458.x,
pteridosperms,Caytoniales,,Caytonia,Caytonia nathorstii,,Mesozoic,Jurassic,Middle Jurassic,Eller Beck formation ?,Europe,England,Retallack G. J. & Dilcher D. L. (1988). Reconstructions of selected seed ferns. Annals of the Missouri Botanical Garden 1010-1057.,1988,10.2307/2399379,,Missouri Botanical Garden Press,,whole plant,https://www.jstor.org/stable/2399379?casa_token=lVGmujy1H2oAAAAA:uQ8XOD27KwwNJ3DobR1CVowzUaTQa0ZDbNkHTHJFLPs8zfTvWZ8iTRu9f4rvNKnK1l3ODUb9QLt5YLmmM98UlN1D-ywgKT9kezdz81U65-xJBrimI4HPbg&seq=1#metadata_info_tab_contents,
pteridosperms,Peltaspermales,,Peltaspermum,Peltaspermum thomasi,,Mesozoic,Triassic,Late Triassic,,Africa,South Africa,Retallack G. J. & Dilcher D. L. (1988). Reconstructions of selected seed ferns. Annals of the Missouri Botanical Garden 1010-1057.,1988,10.2307/2399379,,Missouri Botanical Garden Press,,whole plant,https://www.jstor.org/stable/2399379?casa_token=lVGmujy1H2oAAAAA:uQ8XOD27KwwNJ3DobR1CVowzUaTQa0ZDbNkHTHJFLPs8zfTvWZ8iTRu9f4rvNKnK1l3ODUb9QLt5YLmmM98UlN1D-ywgKT9kezdz81U65-xJBrimI4HPbg&seq=1#metadata_info_tab_contents,
pteridosperms,Corystospermales,,Umkomasia,Umkomasia granulata,,Mesozoic,Triassic,Late Triassic,,Africa,South Africa,Retallack G. J. & Dilcher D. L. (1988). Reconstructions of selected seed ferns. Annals of the Missouri Botanical Garden 1010-1057.,1988,10.2307/2399379,,Missouri Botanical Garden Press,,whole plant,https://www.jstor.org/stable/2399379?casa_token=lVGmujy1H2oAAAAA:uQ8XOD27KwwNJ3DobR1CVowzUaTQa0ZDbNkHTHJFLPs8zfTvWZ8iTRu9f4rvNKnK1l3ODUb9QLt5YLmmM98UlN1D-ywgKT9kezdz81U65-xJBrimI4HPbg&seq=1#metadata_info_tab_contents,
pteridosperms,,,Scytophyllum,,,Mesozoic,Triassic,Middle Triassic,Dont Formation,Europe,Italy,Kustatscher E. van Konijnenburg-van Cittert J. H. & Roghi G. (2010). Macrofloras and palynomorphs as possible proxies for palaeoclimatic and palaeoecological studies: A case study from the Pelsonian (Middle Triassic) of KÅ¸hwiesenkopf/Monte PrË† della Vacca (Olang Dolomites N-Italy). Palaeogeography Palaeoclimatology Palaeoecology 290(1-4) 71-80.,2010,https://doi.org/10.1016/j.palaeo.2009.07.001,,Elsevier,,whole plant,https://www.sciencedirect.com/science/article/abs/pii/S0031018209002752,
pteridosperms,,,Sagenopteris,,,Mesozoic,Triassic,Middle Triassic,Dont Formation,Europe,Italy,Kustatscher E. van Konijnenburg-van Cittert J. H. & Roghi G. (2010). Macrofloras and palynomorphs as possible proxies for palaeoclimatic and palaeoecological studies: A case study from the Pelsonian (Middle Triassic) of KÅ¸hwiesenkopf/Monte PrË† della Vacca (Olang Dolomites N-Italy). Palaeogeography Palaeoclimatology Palaeoecology 290(1-4) 71-80.,2010,https://doi.org/10.1016/j.palaeo.2009.07.001,,Elsevier,,whole plant,https://www.sciencedirect.com/science/article/abs/pii/S0031018209002752,
pteridosperms,,,Ptilozamites,,,Mesozoic,Triassic,Middle Triassic,Dont Formation,Europe,Italy,Kustatscher E. van Konijnenburg-van Cittert J. H. & Roghi G. (2010). Macrofloras and palynomorphs as possible proxies for palaeoclimatic and palaeoecological studies: A case study from the Pelsonian (Middle Triassic) of KÅ¸hwiesenkopf/Monte PrË† della Vacca (Olang Dolomites N-Italy). Palaeogeography Palaeoclimatology Palaeoecology 290(1-4) 71-80.,2010,https://doi.org/10.1016/j.palaeo.2009.07.001,,Elsevier,,whole plant,https://www.sciencedirect.com/science/article/abs/pii/S0031018209002752,
pteridosperms,,,Stamnostoma,Stamnostoma huttonense,,Palaeozoic,Carboniferous,Mississipian,,Europe,Scotland,Retallack G. J. & Dilcher D. L. (1988). Reconstructions of selected seed ferns. Annals of the Missouri Botanical Garden 1010-1057.,1988,10.2307/2399379,,Missouri Botanical Garden Press,,whole plant,https://www.jstor.org/stable/2399379?casa_token=lVGmujy1H2oAAAAA:uQ8XOD27KwwNJ3DobR1CVowzUaTQa0ZDbNkHTHJFLPs8zfTvWZ8iTRu9f4rvNKnK1l3ODUb9QLt5YLmmM98UlN1D-ywgKT9kezdz81U65-xJBrimI4HPbg&seq=1#metadata_info_tab_contents,
pteridosperms,,,Lyrasperma,Lyrasperma scotica,,Palaeozoic,Carboniferous,Mississipian,,,,Retallack G. J. & Dilcher D. L. (1988). Reconstructions of selected seed ferns. Annals of the Missouri Botanical Garden 1010-1057.,1988,10.2307/2399379,,Missouri Botanical Garden Press,,whole plant,https://www.jstor.org/stable/2399379?casa_token=lVGmujy1H2oAAAAA:uQ8XOD27KwwNJ3DobR1CVowzUaTQa0ZDbNkHTHJFLPs8zfTvWZ8iTRu9f4rvNKnK1l3ODUb9QLt5YLmmM98UlN1D-ywgKT9kezdz81U65-xJBrimI4HPbg&seq=1#metadata_info_tab_contents,
pteridosperms,,,Calathospermum,Calathospermum fimbriatum,,Palaeozoic,Carboniferous,Mississipian,,,,Retallack G. J. & Dilcher D. L. (1988). Reconstructions of selected seed ferns. Annals of the Missouri Botanical Garden 1010-1057.,1988,10.2307/2399379 ,,Missouri Botanical Garden Press,,whole plant,https://www.jstor.org/stable/2399379?casa_token=lVGmujy1H2oAAAAA:uQ8XOD27KwwNJ3DobR1CVowzUaTQa0ZDbNkHTHJFLPs8zfTvWZ8iTRu9f4rvNKnK1l3ODUb9QLt5YLmmM98UlN1D-ywgKT9kezdz81U65-xJBrimI4HPbg&seq=1#metadata_info_tab_contents,
pteridosperms,,,Lagenostoma,Lagenostoma lomaxii,,Palaeozoic,Carboniferous,Pennsylvanian,,,,Retallack G. J. & Dilcher D. L. (1988). Reconstructions of selected seed ferns. Annals of the Missouri Botanical Garden 1010-1057.,1988,10.2307/2399379,,Missouri Botanical Garden Press,,whole plant,https://www.jstor.org/stable/2399379?casa_token=lVGmujy1H2oAAAAA:uQ8XOD27KwwNJ3DobR1CVowzUaTQa0ZDbNkHTHJFLPs8zfTvWZ8iTRu9f4rvNKnK1l3ODUb9QLt5YLmmM98UlN1D-ywgKT9kezdz81U65-xJBrimI4HPbg&seq=1#metadata_info_tab_contents,
pteridosperms,,,Pachytesta,Pachytesta illinoensis,,Palaeozoic,Carboniferous,Pennsylvanian,,,,Retallack G. J. & Dilcher D. L. (1988). Reconstructions of selected seed ferns. Annals of the Missouri Botanical Garden 1010-1057.,1988,10.2307/2399379,,Missouri Botanical Garden Press,,whole plant,https://www.jstor.org/stable/2399379?casa_token=lVGmujy1H2oAAAAA:uQ8XOD27KwwNJ3DobR1CVowzUaTQa0ZDbNkHTHJFLPs8zfTvWZ8iTRu9f4rvNKnK1l3ODUb9QLt5YLmmM98UlN1D-ywgKT9kezdz81U65-xJBrimI4HPbg&seq=1#metadata_info_tab_contents,
pteridosperms,Callistophytales,,Callospermarion,Callospermarion pusillum,,Palaeozoic,Carboniferous,Pennsylvanian,,,,Retallack G. J. & Dilcher D. L. (1988). Reconstructions of selected seed ferns. Annals of the Missouri Botanical Garden 1010-1057.,1988,10.2307/2399379,,Missouri Botanical Garden Press,,whole plant,https://www.jstor.org/stable/2399379?casa_token=lVGmujy1H2oAAAAA:uQ8XOD27KwwNJ3DobR1CVowzUaTQa0ZDbNkHTHJFLPs8zfTvWZ8iTRu9f4rvNKnK1l3ODUb9QLt5YLmmM98UlN1D-ywgKT9kezdz81U65-xJBrimI4HPbg&seq=1#metadata_info_tab_contents,
pteridosperms,Callistophytales,,Dicksoniites (=Callistorphyton),Dicksoniites pluckenetii,,Palaeozoic,Carboniferous,Pennsylvanian,,Europe,France,Galtier and BÅ?thoux (2002) Morphology and growth habit of Dicksonites pluckenetii from the Upper Carboniferous of Graissessac (France),2002,10.1016/S0016-6995(02)00070-0,,Missouri Botanical Garden Press,,whole plant,,
pteridosperms,Medullosales,,Laveineopteris,Laveineopteris spp.,,Palaeozoic,Carboniferous,Pennsylvanian,,,,Schute and Cleal (2002) Palaeontology Vol. 45 Part 5 2002 pp. 943Â±972 6 pls,2002,,,,,,https://onlinelibrary.wiley.com/doi/pdf/10.1111/1475-4983.00270,
pteridosperms,,,Occloa,Occloa sp.,,Palaeozoic,Carboniferous,,,America,Peru,LePage B.A. and Pfefferkorn H.W. 2000. Did ground cover change over geologic time?. The Paleontological Society Papers 6 pp.171-182.,2000,https://doi.org/10.1017/S1089332600000759,,Paleontological Society,,,,
pteridosperms,Medullosales,,Pseudomariopteris,Pseudomariopteris busquetii,,Palaeozoic,Carboniferous,Pennsylvanian,,Europe,France,Krings et al. (2001) Reconstruction of Pseudomariopteris busquetii  a vine_like Late CarboniferousÃêEarly Permian pteridosperm,2001,https://doi.org/10.2307/2657029,,Botanical Society of America,,,,
pteridosperms,,,Elkinsia,Elkinsia polymorpha,,Palaeozoic,Devonian,Late Devonian,Upper Hampshire,North America,USA,Serbet and Rothwell (1992) Characterizing the Most Primitive Seed Ferns. I. A Reconstruction of Elkinsia polymorpha. ,1992,,,,,,https://www.jstor.org/stable/2995582?seq=1#metadata_info_tab_contents,
unknown,,,Arnoldia,Arnoldia keusii,,Palaeozoic,Permian,,,North America,USA,Ash and Tidwell (1986) A new juvenile fernlike plant from the lower Permian of New Mexico. Botanical Gazette 147: 236-242,1986,https://doi.org/10.1086/337589,,UNIVERSITY OF CHICAGO PRESS,,young plant,https://www.journals.uchicago.edu/doi/abs/10.1086/337589?mobileUi=0,
unknown,Erdtmanithecales,,Erdtmanitheca,Erdtmanitheca texensis,,Mesozoic,Cretaceous,Late Cretaceous,,North America,USA,Friis E. M. & Pedersen K. R. (1996). Eucommiitheca hirsuta a new pollen organ with Eucommiidites pollen from the Early Cretaceous of Portugal. Grana 35(2) 104-112.,1996,https://doi.org/10.1080/00173139609429480,Pollyanna von Knorring,Taylor & Francis,,reproductive structure,https://www.tandfonline.com/doi/pdf/10.1080/00173139609429480,
unknown,Erdtmanithecales,,Eucommiitheca,Eucommiitheca hirsuta,,Mesozoic,Cretaceous,Early Cretaceous,,Europe,Portugal,Friis E. M. & Pedersen K. R. (1996). Eucommiitheca hirsuta a new pollen organ with Eucommiidites pollen from the Early Cretaceous of Portugal. Grana 35(2) 104-112.,1996,https://doi.org/10.1080/00173139609429480,Pollyanna von Knorring,Taylor & Francis,,reproductive structure,https://www.tandfonline.com/doi/pdf/10.1080/00173139609429480,
unknown,Pentoxylales,,Pentoxylon,,Pentoxylon & Nipaniophyllum & Sahnia & Carnoconites,Mesozoic,Jurassic,,,India,India,Srivastava S. C. & BANERJI J. (2001). Pentoxylon plant: a reconstruction and interpretation. Plant Cell Biol. Devel.(Szeged) 13 11-18.,2001,,,????,,whole plant,http://acta.bibl.u-szeged.hu/47897/1/plant_cell_013_011-018.pdf,
pteridosperms,,,Dicroidium ,Dicroidium spp.,,Palaeozoic,Permian,,Um Irna Formation,,Jordan,Abu Hamad et al. (2008). A Late Permian flora with Dicroidium from the Dead Sea region Jordan. Review of Palaeobotany and Palynology 149: 85-130,2008,,,,,frond,,
ferns,Gleicheniales,,Digitopteris,Digitopteris repanda,,Mesozoic,Triassic,Late Triassic,,Europe,Austria,Pott C. Bouchal J. M. Choo T. Yousif R. & Bomfleur B. (2018). Ferns and fern allies from the Carnian (Upper Triassic) of Lunz am See Lower Austria: A melting pot of Mesozoic fern vegetation. Palaeontographica. Abteilung B Palaophytologie 297(1Ãê6) 1-101.,2018,https://dx.doi.org/10.1127/palb/2018/0059,Pollyanna von Knorring,Schweizerbart,,frond,https://www.schweizerbart.de/papers/palb/detail/297/89122/Ferns_and_fern_allies_from_the_Carnian_Upper_Trias?af=crossref,
horsetails,,,,,,Mesozoic,Triassic,Late Triassic,,Europe,Austria,Pott C. Bouchal J. M. Choo T. Yousif R. & Bomfleur B. (2018). Ferns and fern allies from the Carnian (Upper Triassic) of Lunz am See Lower Austria: A melting pot of Mesozoic fern vegetation. Palaeontographica. Abteilung B Palaophytologie 297(1Ãê6) 1-101.,2018,https://dx.doi.org/10.1127/palb/2018/0059,Pollyanna von Knorring,Schweizerbart,,whole plant,https://www.schweizerbart.de/papers/palb/detail/297/89122/Ferns_and_fern_allies_from_the_Carnian_Upper_Trias?af=crossref,
ferns,Osmundales,,Todites,Todites linnaeifolium,,Mesozoic,Triassic,Late Triassic,,Europe,Austria,Pott C. Bouchal J. M. Choo T. Yousif R. & Bomfleur B. (2018). Ferns and fern allies from the Carnian (Upper Triassic) of Lunz am See Lower Austria: A melting pot of Mesozoic fern vegetation. Palaeontographica. Abteilung B Palaophytologie 297(1Ãê6) 1-101.,2018,https://dx.doi.org/10.1127/palb/2018/0059,Pollyanna von Knorring,Schweizerbart,,whole plant,https://www.schweizerbart.de/papers/palb/detail/297/89122/Ferns_and_fern_allies_from_the_Carnian_Upper_Trias?af=crossref,
ferns,Schizaeales,,Cynepteris,Cynepteris reticulata,,Mesozoic,Triassic,Late Triassic,,Europe,Austria,Pott C. Bouchal J. M. Choo T. Yousif R. & Bomfleur B. (2018). Ferns and fern allies from the Carnian (Upper Triassic) of Lunz am See Lower Austria: A melting pot of Mesozoic fern vegetation. Palaeontographica. Abteilung B Palaophytologie 297(1Ãê6) 1-101.,2018,https://dx.doi.org/10.1127/palb/2018/0059,Pollyanna von Knorring,Schweizerbart,,frond,https://www.schweizerbart.de/papers/palb/detail/297/89122/Ferns_and_fern_allies_from_the_Carnian_Upper_Trias?af=crossref,
angiosperms,,,,various angiosperms,,Mesozoic,Cretaceous,Early Cretaceous,Frentsevka Fm,Asia,Russia,Golovneva L. Alekseev P. Bugdaeva E. & Volynets E. (2018). An Angiosperm Dominated Herbaceous Community from the EarlyÃêMiddle Albian of Primorye Far East of Russia. Fossil Imprint 74(1-2) 165-178.,2018,https://doi.org/10.2478/if-2018-0012,,authors,CC BY-NC-ND 4.0,ecosystem,https://content.sciendo.com/view/journals/if/74/1-2/article-p165.xml?rskey=KRgt7H&result=3,
cycadophytes,Bennettitales,,Pterophyllum,Pterophyllum rectangulare,,Mesozoic,Cretaceous,Early Cretaceous,Winthrop Fm.,North America,USA,Miller I. M. & Hickey L. J. (2010). The fossil flora of the Winthrop Formation (Albian-Early Cretaceous) of Washington State USA. Part II: Pinophytina. Bulletin of the Peabody Museum of Natural History 51(1) 3-96.,2010,http://dx.doi.org/10.3374/014.051.0104,,Peabody Museum of Natural History at Yale University,,shoot,,
gymnosperms,Czechanowskiales,,Czekanowskia,Czekanowskia durabilis,,Mesozoic,Cretaceous,Early Cretaceous,Winthrop Fm.,North America,USA,Miller I. M. & Hickey L. J. (2010). The fossil flora of the Winthrop Formation (Albian-Early Cretaceous) of Washington State USA. Part II: Pinophytina. Bulletin of the Peabody Museum of Natural History 51(1) 3-96.,2010,http://dx.doi.org/10.3374/014.051.0104,,Peabody Museum of Natural History at Yale University,,shoot,,
conifers,Cupressaceae,,Sphenolepis,Sphenolepis condita,,Mesozoic,Cretaceous,Early Cretaceous,Winthrop Fm.,North America,USA,Miller I. M. & Hickey L. J. (2010). The fossil flora of the Winthrop Formation (Albian-Early Cretaceous) of Washington State USA. Part II: Pinophytina. Bulletin of the Peabody Museum of Natural History 51(1) 3-96.,2010,http://dx.doi.org/10.3374/014.051.0104,,Peabody Museum of Natural History at Yale University,,shoot and cones,,
cycadophytes,uncertain,,Laceria,Laceria pulcra,,Mesozoic,Cretaceous,Early Cretaceous,Winthrop Fm.,North America,USA,Miller I. M. & Hickey L. J. (2010). The fossil flora of the Winthrop Formation (Albian-Early Cretaceous) of Washington State USA. Part II: Pinophytina. Bulletin of the Peabody Museum of Natural History 51(1) 3-96.,2010,http://dx.doi.org/10.3374/014.051.0104,,Peabody Museum of Natural History at Yale University,,leaf,,
cordaites,Cordaitales,,,,,Palaeozoic,Carboniferous,Pennsylvanian,,,,DiMichele W. A. (2014). Wetland-dryland vegetational dynamics in the Pennsylvanian ice age tropics. International Journal of Plant Sciences 175(2) 123-164.,2014,https://doi.org/10.1086/675235,Mary Parrish,UNIVERSITY OF CHICAGO PRESS,,whole plant,https://www.journals.uchicago.edu/doi/abs/10.1086/675235,
conifers,,,,,,Palaeozoic,Carboniferous,Pennsylvanian,,,,DiMichele W. A. (2014). Wetland-dryland vegetational dynamics in the Pennsylvanian ice age tropics. International Journal of Plant Sciences 175(2) 123-164.,2014,https://doi.org/10.1086/675235,Mary Parrish,UNIVERSITY OF CHICAGO PRESS,,whole plant,https://www.journals.uchicago.edu/doi/abs/10.1086/675235,
cordaites,Cordaitales,,Cordaixylon,,,Palaeozoic,Carboniferous,Pennsylvanian,,,,DiMichele W. A. (2014). Wetland-dryland vegetational dynamics in the Pennsylvanian ice age tropics. International Journal of Plant Sciences 175(2) 123-164.,2014,https://doi.org/10.1086/675235,Mary Parrish,UNIVERSITY OF CHICAGO PRESS,,whole plant,https://www.journals.uchicago.edu/doi/abs/10.1086/675235,
pteridosperms,Medullosales,,,,,Palaeozoic,Carboniferous,Pennsylvanian,,,,DiMichele W. A. (2014). Wetland-dryland vegetational dynamics in the Pennsylvanian ice age tropics. International Journal of Plant Sciences 175(2) 123-164.,2014,https://doi.org/10.1086/675235,Mary Parrish,UNIVERSITY OF CHICAGO PRESS,,whole plant,https://www.journals.uchicago.edu/doi/abs/10.1086/675235,
horsetails,,,Calamites,,,Palaeozoic,Carboniferous,Pennsylvanian,,,,DiMichele W. A. (2014). Wetland-dryland vegetational dynamics in the Pennsylvanian ice age tropics. International Journal of Plant Sciences 175(2) 123-164.,2014,https://doi.org/10.1086/675235,Mary Parrish,UNIVERSITY OF CHICAGO PRESS,,whole plant,https://www.journals.uchicago.edu/doi/abs/10.1086/675235,
conifers,,,Brachyphyllum,Brachyphyllum obesum,,Mesozoic,Cretaceous,Early Cretaceous,,South America,Brazil,Martine A. M. & Ricardi-Branco F. (2017). DescriÁ„o dos mÈtodos paleoartÌsticos para reconstruÁıes de animais e vegetais fÛsseis. Terrae Didatica 13(2) 101-112.,2017,http://dx.doi.org/10.20396/td.v13i2.8650086,Ariel Milani Martine,,CC BY-NC,whole plant,https://periodicos.sbu.unicamp.br/ojs/index.php/td/article/view/8650086,
ferns,Marattiales,,Acitheca,Acitheca murphyi,,Paleozoic,Pennsylvanian,Gzhelian,,Europe,Portugal,Correia P. äimunek Z. S· A.A. and Flores D. 2018. A new Late Pennsylvanian floral assemblage from the Douro Basin Portugal. Geological Journal 53(6) pp.2507-2531.,2018,https://doi.org/10.1002/gj.3086,Sergey Krasovsky,,John Wiley & Sons Ltd.,whole plant,https://onlinelibrary.wiley.com/doi/full/10.1002/gj.3086?casa_token=CIUgpP4RN5EAAAAA%3A2M9wnWrIQ_WPS42H7AGMDehueiNvFUManhJnvRt-PfFznRWh8Uf4WMwyCP15UpovoTyYO-OdMLC-aTc,
ferns,Marattiales,,Zhutheca,Zhutheca densata,,Paleozoic,Permian,Lopingian,Xuanwei Formation,Asia,China,Guo Y. Zhou Y. Pöenicka J. Bek J. Yang S.L. and Feng Z. 2020. Reinvestigation of the marattialean Zhutheca densata (Gu et Zhi) Liu Li et Hilton from the Lopingian of Southwest China and its evolutionary implications. Review of Palaeobotany and Palynology p.104310.,2020,https://doi.org/10.1016/j.revpalbo.2020.104310,,,CC BY-NC-ND 4.0,pinnule,https://www.sciencedirect.com/science/article/pii/S0034666720301032?casa_token=nMIKcKcLm7wAAAAA:SGa7JoAn6ksFKVFPCbEijI1TSH9hge-NH6F58ljAmEVsS-OSD5D9od-D03fm5rUQuT_NKNkku2A,
ginkgophytes,Ginkgoales,Ginkgoaceae,Ginkgo,Ginkgo yimaensis,,Mesozoic,Jurassic,Middle Jurassic,,Asia,China,Dong C. Zhou Z. Zhang B. Wang Y. and Shi G. 2019. Umaltolepis and associated Pseudotorellia leaves from the Middle Jurassic of Yima in Henan Province Central China. Review of Palaeobotany and Palynology 271 p.104111.,2019,https://doi.org/10.1016/j.revpalbo.2019.104111,,Elsevier,,branch and reproductive structures,https://www.sciencedirect.com/science/article/pii/S0034666719301526?casa_token=B1kxEhadOP8AAAAA:ecdeIazryLPHkeGhdLT40v90ZvZDJCbqfcpaHgfHknTgAB1aXy_mZH9B595E7wXXFdLthc23D0Y,
ginkgophytes,,,Yimaia,Yimaia recurva,Yimaia recurva Baiera hallei,Mesozoic,Jurassic,Middle Jurassic,,Asia,China,Dong C. Zhou Z. Zhang B. Wang Y. and Shi G. 2019. Umaltolepis and associated Pseudotorellia leaves from the Middle Jurassic of Yima in Henan Province Central China. Review of Palaeobotany and Palynology 271 p.104111.,2019,https://doi.org/10.1016/j.revpalbo.2019.104111,,Elsevier,,branch and reproductive structures,https://www.sciencedirect.com/science/article/pii/S0034666719301526?casa_token=B1kxEhadOP8AAAAA:ecdeIazryLPHkeGhdLT40v90ZvZDJCbqfcpaHgfHknTgAB1aXy_mZH9B595E7wXXFdLthc23D0Y,
ginkgophytes,,,Karkenia,Karkenia henanensis,Karkenia henanensis Sphenobaiera sp.,Mesozoic,Jurassic,Middle Jurassic,,Asia,China,Dong C. Zhou Z. Zhang B. Wang Y. and Shi G. 2019. Umaltolepis and associated Pseudotorellia leaves from the Middle Jurassic of Yima in Henan Province Central China. Review of Palaeobotany and Palynology 271 p.104111.,2019,https://doi.org/10.1016/j.revpalbo.2019.104111,,Elsevier,,branch and reproductive structures,https://www.sciencedirect.com/science/article/pii/S0034666719301526?casa_token=B1kxEhadOP8AAAAA:ecdeIazryLPHkeGhdLT40v90ZvZDJCbqfcpaHgfHknTgAB1aXy_mZH9B595E7wXXFdLthc23D0Y,
trimerophytes,,,Pertica,Pertica quadrifaria,,Paleozoic,Devonian,Early Devonian,,America,USA,Kasper Jr A.E. and Andrews Jr H.N. 1972. Pertica a new genus of Devonian plants from northern Maine. American Journal of Botany 59(9) pp.897-911.,1972,https://doi.org/10.1002/j.1537-2197.1972.tb10165.x,,Botanical Society of America,,whole plant,https://bsapubs.onlinelibrary.wiley.com/doi/abs/10.1002/j.1537-2197.1972.tb10165.x,
pteridosperms,Medullosales,,,,,Paleozoic,Carboniferous,,,America,USA,Wnuk C. and Pfefferkorn H.W. 1984. The life habits and paleoecology of Middle Pennsylvanian medullosan pteridosperms based on an in situ assemblage from the Bernice Basin (Sullivan County Pennsylvania USA). Review of Palaeobotany and Palynology 41(3-4) pp.329-351.,1984,https://doi.org/10.1016/0034-6667(84)90053-8,,,Elsevier,whole plant,https://www.sciencedirect.com/science/article/pii/0034666784900538,
,,,,,,Paleozoic,Pennsylvanian,,,America,USA,Richey  J.D.  MontaÒez  I.P.  White  J.D.  DiMichele  W.A.  Matthaeus  W.J.  Poulsen  C.J.  Macarewich  S. and Looy  C.V.  2020. Modeled physiological mechanisms for observed changes in the late Paleozoic plant fossil record. Palaeogeography  Palaeoclimatology  Palaeoecology  p.110056.,2020,https://doi.org/10.1016/j.palaeo.2020.110056,Jan Vriesen,City and County of Denver,,ecosystem,https://www.sciencedirect.com/science/article/pii/S0031018220305046?casa_token=wKYVDZek5V4AAAAA:HKUPLyIZQKgCWPtNu3d9PcLBQtMtQ9aYycSoMJzvwXlcpKa77gEnklFNDZ0D_c08gTaBTeTDUfc,
,,,,,,Paleozoic,Pennsylvanian,,,America,USA,Richey  J.D.  MontaÒez  I.P.  White  J.D.  DiMichele  W.A.  Matthaeus  W.J.  Poulsen  C.J.  Macarewich  S. and Looy  C.V.  2020. Modeled physiological mechanisms for observed changes in the late Paleozoic plant fossil record. Palaeogeography  Palaeoclimatology  Palaeoecology  p.110056.,2020,https://doi.org/10.1016/j.palaeo.2020.110056,Mary Parrish,Elsevier,,ecosystem,https://www.sciencedirect.com/science/article/pii/S0031018220305046?casa_token=wKYVDZek5V4AAAAA:HKUPLyIZQKgCWPtNu3d9PcLBQtMtQ9aYycSoMJzvwXlcpKa77gEnklFNDZ0D_c08gTaBTeTDUfc,
,,,,,,Paleozoic,Permian,,,America,USA,Richey  J.D.  MontaÒez  I.P.  White  J.D.  DiMichele  W.A.  Matthaeus  W.J.  Poulsen  C.J.  Macarewich  S. and Looy  C.V.  2020. Modeled physiological mechanisms for observed changes in the late Paleozoic plant fossil record. Palaeogeography  Palaeoclimatology  Palaeoecology  p.110056.,2020,https://doi.org/10.1016/j.palaeo.2020.110056,Mary Parrish,Elsevier,,ecosystem,https://www.sciencedirect.com/science/article/pii/S0031018220305046?casa_token=wKYVDZek5V4AAAAA:HKUPLyIZQKgCWPtNu3d9PcLBQtMtQ9aYycSoMJzvwXlcpKa77gEnklFNDZ0D_c08gTaBTeTDUfc,
cordaites,Cordaitales,,Cordaites,Cordaites borassifolius,,Paleozoic,Pennsylvanian,,,Europe,Czechia,äimunek Z. Opluötil S. and Dr·bkov· J.A.N.A. 2009. Cordaites borassifolius (Sternberg) Unger (Cordaitales) from the Radnice Basin (Bolsovian Czech Republic). Bulletin of geosciences 84(2) pp.301-336.,2009,,J. Svoboda,???,,whole plant,https://d1wqtxts1xzle7.cloudfront.net/45840510/bullgeosci842_1130.pdf?1463866476=&response-content-disposition=inline%3B+filename%3DCordaites_borassifolius_Sternberg_Unger.pdf&Expires=1614789536&Signature=Jj2ORy5jbimLF4WmOy5p4BLrFcfi1wWkYZrfSMtwEK1o4egZRJiwzcE2D-k-J1tI3lPIr1uJ-~AqM1my1eSzbDng4RzeNsNjAw09nnWlMq8gpYwS2jIYSVwZsv2N62MoCs437mve9PoI0yiTbxnU67WKMx4KWLs9obyC3-uMjqHBMgVWtd7XGkXcBUki~II~N-ee85tJCmis4Y50zMePg2mTrNDUg5qgEBWWXioCaFuW20hVPorDkxbcTTIq6MOhdXs7B8pa8i25hyJHd~5mveCLUJv8PeKtHEE6WhEiK7XneBziF6cVcejAiS-05C4YO-5WF7YAMIRcH-1DdgfT0Q__&Key-Pair-Id=APKAJLOHF5GGSLRBV4ZA,
cordaites,Cordaitales,,Mesoxylon,Mesoxylon priapi,,Paleozoic,Pennsylvanian ,,,America,USA,Trivett  M.L. and Rothwell  G.W.  1985. Morphology  systematics  and paleoecology of Paleozoic fossil plants: Mesoxylon priapi  sp. nov.(Cordaitales). Systematic Botany  pp.205-223.,1985,https://doi.org/10.2307/2418347,,,???,cone,https://www.jstor.org/stable/2418347 ,
coniferophytes,,,Barthelia,Barthelia furcata,,Paleozoic,Pennsylvanian ,,,America,USA,Rothwell  G.W. and Mapes  G.  2001. Barthelia furcata gen. et sp. nov.  with a review of Paleozoic coniferophytes and a discussion of coniferophyte systematics. International Journal of Plant Sciences  162(3)  pp.637-667.,2001,https://doi.org/10.1086/320129,,UNIVERSITY OF CHICAGO PRESS,,branch and reproductive structures,https://www.journals.uchicago.edu/doi/full/10.1086/320129?casa_token=2BKukn8AJ8UAAAAA%3AoobXdw4dxwm7nUjwLYp_yKtj4trKvDdvX2nmEfJoU4lN9w4Z-ANtLoyjxn9hnL46YkEYKYD0-9HE,
liverworts,,,Protofrullania, Protofrullania cornigera,,Mesozoic,Cretaceous,,,Asia,Myanmar,Li  Y.  Li  L.Q.  Feldberg  K.  Wu  P.C.  Schneider  H.  Schmidt  A.R. and Wang  Y.D.  2021. Re-appraisal of two fossil Frullaniaceae species (Marchantiophyta  Porellales) from the mid-Cretaceous Burmese amber. Cretaceous Research  p.104803.,2021,https://doi.org/10.1016/j.cretres.2021.104803,,Elsevier,,whole plant,https://www.sciencedirect.com/science/article/pii/S0195667121000501?casa_token=YFUMb46M9S4AAAAA:JsKU-kvX8D5XlU31hfOVDT9-0sCcZwPBMog83wKy_u5OVj_e1xIYf6t9Z-0Cfki1rBZiZNTb2YE#fig5,
liverworts,,Frullaniaceae,Frullania,Frullania baerlocheri ,,Mesozoic,Cretaceous,,,Asia,Myanmar,Li  Y.  Li  L.Q.  Feldberg  K.  Wu  P.C.  Schneider  H.  Schmidt  A.R. and Wang  Y.D.  2021. Re-appraisal of two fossil Frullaniaceae species (Marchantiophyta  Porellales) from the mid-Cretaceous Burmese amber. Cretaceous Research  p.104803.,2021,https://doi.org/10.1016/j.cretres.2021.104803,,Elsevier,,whole plant,https://www.sciencedirect.com/science/article/pii/S0195667121000501?casa_token=YFUMb46M9S4AAAAA:JsKU-kvX8D5XlU31hfOVDT9-0sCcZwPBMog83wKy_u5OVj_e1xIYf6t9Z-0Cfki1rBZiZNTb2YE#fig5,
progymnosperms,Noeggerathiales ,,Paratingia,Paratingia wuhaia,,Paleozoic,Permian,,,Asia,China,Jun Wang  Jason Hilton  Hermann W. Pfefferkorn  Shijun Wang  Yi Zhang  Jiri Bek  Josef Pöeni?ka  Leyla J. Seyfullah  David Dilcher 2021. Ancient noeggerathialean reveals the seed plant sister group diversified alongside the primary seed plant radiation. Proceedings of the National Academy of Sciences Mar 2021  118 (11) e2013442118; DOI: 10.1073/pnas.2013442118,2021,https://doi.org/10.1073/pnas.2013442118,Yugao Ren and Sijia Tang,,,whole plant,https://www.pnas.org/content/118/11/e2013442118,
lycophytes,Isoetales,,Pleuromeia,Pleuromeia sternbergii,,Paleozoic,Permian-Triassic,,,Europe,Germany,Looy  C.V.  van Konijnenburg-van Cittert  J.H. and Duijnstee  I.A.  2021. Proliferation of isoÎtalean lycophytes during the Permo-Triassic biotic crises: a proxy for the state of the terrestrial biosphere. Frontiers in Earth Science  9  p.55.,2021,https://doi.org/10.3389/feart.2021.615370,Ivo Duijnstee and Hannah Bonner,Frontiers,CC BY 4.0 ,whole plant,https://www.frontiersin.org/articles/10.3389/feart.2021.615370/full#h6,
lycophytes,,,Asteroxylon,Asteroxylon mackiei,,Paleozoic,Devonian,,,Europe,UK,An evidence-based 3D reconstruction of Asteroxylon mackiei the most complex plant preserved from the Rhynie chert,2021,https://doi.org/10.1101/2021.04.11.439326 ,,,CC BY 4.0 ,whole plant,https://www.biorxiv.org/content/10.1101/2021.04.11.439326v1,
,,,Doylea,Doylea mongolica,,Mesozoic,Cretaceous,Early Cretaceous,,Asia,Mongolia,Shi G. Crane P.R. Herendeen P.S. Ichinnorov N. Takahashi M. and Herrera F. 2019. Diversity and homologies of corystosperm seed-bearing structures from the Early Cretaceous of Mongolia. Journal of Systematic Palaeontology 17(12) pp.997-1029.,2019,https://doi.org/10.1080/14772019.2018.1493547,Pollyanna von Knorring,Taylor & Francis,,whole plant-ish,https://www.tandfonline.com/doi/pdf/10.1080/14772019.2018.1493547?casa_token=-BFdUtD3fIMAAAAA:PnXQLGAT73HZdfENdNyLnAZg7Qoru_RAZxQ3FQd68QdlnfbUrr6GKe8EN7T6cS4SoOPkp9dgjoc7Fg,
cycadophytes,Bennettitales,,Williamsonia,Williamsonia sanjuanensis,,Mesozoic,Jurassic,,,America,Mexico,,2021,https://doi.org/10.1016/j.jsames.2021.103404,,Elsevier,,cone,https://www.sciencedirect.com/science/article/abs/pii/S0895981121002510?via%3Dihub,
cycadophytes,Bennettitales,,Weltrichia,Weltrichia xochitetlii,,Mesozoic,Jurassic,,,America,Mexico,Lozano-Carmona D.E. Corro-Ortiz M.G. Morales R.L. and Velasco-de LeÛn M.P. 2021. Weltrichia xochitetlii sp. nov.(Bennettitales) from the Middle Jurassic of northwestern oaxaca Mexico: First paleobotanical evidence from the Tecomaz˙chil Formation. Journal of South American Earth Sciences 108 p.103230.,2021,https://doi.org/10.1016/j.jsames.2021.103230,,Elsevier,,cone,https://www.sciencedirect.com/science/article/pii/S0895981121000778?casa_token=vQBXSMTi8KsAAAAA:s4j8-1MdPgXEUJ8yHSp6380hkSkH93avE8fqk_zhOq4XPKIY6HkbFoeoP1noadTgHZUZ62cPnN4,
conifers,,,Brachyphyllum,Brachyphyllum obesum,,Mesozoic,Cretaceous,Early Cretaceous,,America,Brazil,,2021,https://doi.org/10.1016/j.jsames.2021.103405,,Elsevier,,whole plant,https://www.sciencedirect.com/science/article/abs/pii/S0895981121002522?via%3Dihub,
ferns,Marattiales,,Pectinangium,Pectinangium xuanweiense,,Paleozoic,Permian,Lopingian,,Asia,China,,2021,https://doi.org/10.1016/j.revpalbo.2021.104500,,Elsevier,,frond,"A new marattialean fern, Pectinangium xuanweiense sp. nov., from the Lopingian of Southwest China - ScienceDirect",
gnetales,,,Callianthus,,,Mesozoic,Cretaceous,Early Cretaceous,,Asia,China,,2021,https://doi.org/10.1016/j.cretres.2021.104983,,Elsevier,,whole plant,,
calamitales,,,Arthropitys,Arthropitys buritiranenis,,Paleozoic,Permian,,,America,Brazil,,2021,https://doi.org/10.1016/j.revpalbo.2021.104499,,Elsevier,,whole plant,https://www.sciencedirect.com/science/article/abs/pii/S0034666721001238?via%3Dihub,
liverworts,,Frullaniaceae,Frullania,Frullania kachinensis ,,Mesozoic,Cretaceous,Late Cretaceous,,Asia,Myanmar,,2021,https://doi.org/10.1002/gj.4222,,Wiley,,whole plant,https://onlinelibrary.wiley.com/doi/10.1002/gj.4222,
ferns,Marattiales,,Qasimia,Qasimia yunnanica,,Paleozoic,Permian,Lopingian,,Asia ,China,,2021,https://doi.org/10.1016/j.revpalbo.2021.104497,,Elsevier,,frond fragment,https://www.sciencedirect.com/science/article/pii/S0034666721001214?via%3Dihub,
,,,Sawdonia,Sawdonia acanghothe,,Paleozoic,Devonian,Mid Devonian,,America,Canada,Gensel P.G. Andrews H.N. and Forbes W.H. 1975. A new species of Sawdonia with notes on the origin of microphylls and lateral sporangia. Botanical Gazette 136(1) pp.50-62.,1975,https://doi.org/10.1086/336782,,UNIVERSITY OF CHICAGO PRESS,,whole plant,https://www.journals.uchicago.edu/doi/abs/10.1086/336782,
rhyniophytes,,,Rhynia,Rhynia gwynne-vaughanii,,Paleozoic,Devonian,,,Europe,UK,Edwards D.S. 1980. Evidence for the sporophytic status of the Lower Devonian plant Rhynia gwynne-vaughanii Kidston and Lang. Review of Palaeobotany and Palynology 29 pp.177-188.,1980,https://doi.org/10.1016/0034-6667(80)90057-3,,,,whole plant,https://www.sciencedirect.com/science/article/abs/pii/0034666780900573,
rhyniophytes,,,Uskiella,Uskiella spargens,,Paleozoic,Devonian,,,Europe,UK,Shute C.H. and Edwards D. 1989. A new rhyniopsid with novel sporangium organization from the Lower Devonian of South Wales. Botanical Journal of the Linnean Society 100(2) pp.111-137.,1989,https://doi.org/10.1111/j.1095-8339.1989.tb01713.x,,Oxford press,,whole plant,https://academic.oup.com/botlinnean/article-abstract/100/2/111/2665856,
rhyniophytes,,,Renalia,Renalia hueberi,,Paleozoic,Devonian,,,America,Canada,Gensel P.G. 1976. Renalia hueberi a new plant from the Lower Devonian of GaspÈ. Review of Palaeobotany and Palynology 22(1) pp.19-37.,1976,https://doi.org/10.1016/0034-6667(76)90009-9,,Elsevier,,whole plant,https://www.sciencedirect.com/science/article/abs/pii/0034666776900099,
progymnosperms,Aneurophytales,,Tetraxylopteris,Tetraxylopteris schmidtii,,Paleozoic,Devonian,,Oneonta formation,America,USA,Bonamo P.M. and Banks H.P. 1967. Tetraxylopteris schmidtii: its fertile parts and its relationships within the Aneurophytales. American Journal of Botany 54(6) pp.755-768.,1967,https://doi.org/10.1002/j.1537-2197.1967.tb10697.x,,Botanical Society of America,,whole plant,https://www.jstor.org/stable/pdf/2440953.pdf?casa_token=5QKDVoZ2fhwAAAAA:qjD3xTqa19CTThfUav9jkRp-x53G4066jGtq1AAVA7UgzDb1fhAe7Ddk3kc3AwJwYJniibdnXu_MKSIFTGnFRK44911caeTwJ9YYgbTMJ91_tQMEERuo,
,,,Ibyka,Ibyka amphikoma,,Paleozoic,Devonian,Mid Devonian,,America,USA,Skog J.E. and Banks H.P. 1973. Ibyka amphikoma gen. et sp. n. a new protoarticulate precursor from the late Middle Devonian of New York State. American Journal of Botany 60(4) pp.366-380.,1973,https://doi.org/10.1002/j.1537-2197.1973.tb05937.x,,Botanical Society of America,,whole plant,https://www.jstor.org/stable/pdf/2441203.pdf?casa_token=IjYMxo_5dD0AAAAA:FO-agUKSnz8mxjWKQmlDcM6Y9fBuyUD9FAj7HbUrPcL1waRJn4C4GzyOIPFwr9t8pheInjVJ_2MBMeOS2fOWZsByPf79-G5-ERoVK9J2WIP7-sgzlyAZ,
Cladoxylopsid,,,Pseudosporochnus,Pseudosporochnus nodosus ,,Paleozoic,Devonian,Mid Devonian,,Europe,Belgium,Berry C.M. and Fairon-Demaret M. 2002. The architecture of Pseudosporochnus nodosus Leclercq et Banks: a Middle Devonian cladoxylopsid from Belgium. International Journal of Plant Sciences 163(5) pp.699-713.,2002,https://doi.org/10.1086/342037,,University of Chicago press,,whole plant,https://www.journals.uchicago.edu/doi/full/10.1086/342037?casa_token=G3MdnmoVnJIAAAAA:Uv5Cnc64AtWXWrmqwgA-bNYi9absUXSj6XL0UA_auqqA6LuruVQvAEndBHaDyUflBd0aGmdX2nwD#_i2,
zosterophyllales,,,Zosterophyllum,Zosterophyllum myretonianum,,Paleozoic,Devonian,,,,,Walton J. 1964. On the morphology of Zosterophyllum and some other early Devonian plants. Phytomorphology 14(1) pp.155-160.,1964,,,,,whole plant,,
zosterophyllales,,,Barinophyton,Barinophyton citrulliforme,,Paleozoic,Devonian,,,America,USA,Brauer D.F. 1980. Barinophyton citrulliforme (Barinophytales incertae sedis Barinophytaceae) from the Upper Devonian of Pennsylvania. American Journal of Botany 67(8) pp.1186-1206.,1980,https://doi.org/10.1002/j.1537-2197.1980.tb07752.x,,Botanical Society of America,,reproductive structure,https://www.jstor.org/stable/pdf/2442362.pdf?casa_token=4eSIEdj2YD8AAAAA:RKS3Mm42Uti5XFcU0Nk8rI7YGw6WEo58ASB2uRlscEzSg0l7e3rwg7wU2Pr3hb1JsBA8rI2EebBg0NZQnfAplsImlXRKY6iRkr_CzHDJUyLKAW8LrxIy,
zosterophyllales,,,Zosterophyllum,Zosterophyllum deciduum,,Paleozoic,Devonian,Early Devonian,,Europe,Belgium,Gerrienne P. 1988. Early Devonian plant remains from Marchin (north of Dinant Synclinorium Belgium) I. Zosterophyllum deciduum sp. nov. Review of Palaeobotany and Palynology 55(4) pp.317-335.,1988,https://doi.org/10.1016/0034-6667(88)90091-7,,Elsevier,,whole plant,https://www.researchgate.net/profile/P-Gerrienne/publication/248294799_Early_Devonian_plant_remains_from_Marchin_North_of_Dinant_Synclinorium_Belgium_I_Zosterophyllum_deciduum_sp_nov/links/5c07ad8e458515ae5447ebc2/Early-Devonian-plant-remains-from-Marchin-North-of-Dinant-Synclinorium-Belgium-I-Zosterophyllum-deciduum-sp-nov.pdf,
zosterophyllales,,,Zosterophyllum,Zosterophyllum divaricatum,,Paleozoic,Devonian,Early Devonian,,America,Canada,Gensel P.G. 1982. A new species of Zosterophyllum from the Early Devonian of New Brunswick. American Journal of Botany 69(5) pp.651-669.,1982,https://doi.org/10.1002/j.1537-2197.1982.tb13305.x,,Botanical Society of America,,whole plant,https://www.jstor.org/stable/pdf/2442955.pdf?casa_token=COOc4_fzUTwAAAAA:aKmhKHFwQ2Om7op9vaBJmQbPbVmizX6IFERq0h7eFGaQOxJVjp0Cx8ZboCbrfHbzzfn1T2M6imPcTfAYjxLrewAjcmDkD7UQGXPgrYrNe9VjtlNEdRm_,
zosterophyllales,,,Thrinkophyton,Thrinkophyton formosum,,Paleozoic,Devonian,Early Devonian,,Europe,UK,Kenrick P. and Edwards D. 1988. A new zosterophyll from a recently discovered exposure of the Lower Devonian Senni Beds in Dyfed Wales. Botanical Journal of the Linnean Society 98(2) pp.97-115.,1988,https://doi.org/10.1111/j.1095-8339.1988.tb01698.x,,Linnean Society,,whole plant,,
zosterophyllales,,,Sawdonia,Sawdonia hippotheca,,Paleozoic,Devonian,Mid Devonian,,America,Venezuela,Berry C.M. and Gensel P.G. 2019. Late Mid Devonian Sawdonia (Zosterophyllopsida) from Venezuela. International Journal of Plant Sciences 180(6) pp.540-557.,2019,https://doi.org/10.1086/702940,,UNIVERSITY OF CHICAGO PRESS,,whole plant,https://www.journals.uchicago.edu/doi/10.1086/702940,
lycophytes,,,Sengelia,Sengelia radicans,,Paleozoic,Devonian,Early Devonian,,America,USA,Matsunaga K.K. and Tomescu A.M. 2017. An organismal concept for Sengelia radicans gen. et sp. nov.ñmorphology and natural history of an Early Devonian lycophyte. Annals of Botany 119(7) pp.1097-1113.,2017,https://doi.org/10.1093/aob/mcw277,,Oxford University Press,,whole plant,https://academic.oup.com/aob/article/119/7/1097/3044344,
,,,,,,Mesozoic,Triassic,,,Europe,Spain,Matamales-Andreu  R.  PeÒalver  E.  Mujal  E.  Oms  O.  Scholze  F.  Ju·rez  J.  Galobart  ¿. and Fortuny  J.  2021. EarlyñMiddle Triassic fluvial ecosystems of Mallorca (Balearic Islands): Biotic communities and environmental evolution in the equatorial western peri-Tethys. Earth-Science Reviews  p.103783.,2021,https://doi.org/10.1016/j.earscirev.2021.103783,,Elsevier,,ecosystem,,
